행정구역코드,행정동코드,시군구명,행정동명,1인세대비율,기초생활수급자비율,외국인비율,노령층비율,장애인비율,차상위비율
1101072,11110515,종로구,청운효자동,0.0009987398073025686,0.0005603461694113252,0.0005338144656726995,0.0012720308987869233,0.0005774490933036166,6.489376890031019e-06
1101053,11110530,종로구,사직동,0.001185491871680354,0.00038739982082758285,0.0009417512844182122,0.0010787171121102142,0.0010941140715226422,0.0004802138898622954
1101054,11110540,종로구,삼청동,0.00028805866368409124,0.00013143922492364418,0.00020280287560491204,0.00036393611306631015,0.0013727079323270185,0.00042180949785201627
1101055,11110550,종로구,부암동,0.0008401284649543122,0.00046695514117610435,0.0008834745960259961,0.0011062086889965183,0.001486678148110627,0.0011810665939856455
1101056,11110560,종로구,평창동,0.001187538469646138,0.00037010518596920864,0.0010023590403461168,0.002128197150388962,0.0012789990882382737,0.0011161728250853353
1101057,11110570,종로구,무악동,0.00035866629350363757,0.0005326747536379265,0.00022378248342610983,0.0008561662516020389,0.0007218113666295208,0.0012135134784358006
1101058,11110580,종로구,교남동,0.0008396168154628662,0.0005949354391280737,0.0007599280166344979,0.0009923150133246874,0.001572788977813798,6.489376890031019e-05
1101060,11110600,종로구,가회동,0.000469182583655971,0.00021099454527216566,0.00035898440049605116,0.000528012825911553,0.0009725458413534597,0.0004412776285221093
1101061,11110615,종로구,종로1·2·3·4가동,0.0020118058003656247,0.002666832695161307,0.0018904957714434903,0.0011803923091659098,0.0010763853712896362,0.001674259237628003
1101063,11110630,종로구,종로5·6가동,0.0012862868214952139,0.0009546638441822578,0.001368336643449234,0.0006549977286721001,0.00125873771654341,0.00032446884450155095
1101064,11110640,종로구,이화동,0.0014131758953738187,0.0007886353495418652,0.0015688084515184575,0.0008024922205383025,0.0007699321244048222,0.00022712819115108568
1101073,11110650,종로구,혜화동,0.002905657461921766,0.00102038345664408,0.007510699599988811,0.0015674562567556186,0.006511498328436835,0.0011031940713052734
1101067,11110670,종로구,창신1동,0.0008304071246168385,0.0014873385978201841,0.0027413354219698455,0.0007924556131036201,0.005503495086617364,0.006443951251800802
1101068,11110680,종로구,창신2동,0.001021252384926192,0.0014077832774716627,0.004163286618739918,0.0011018449466336127,0.0010459933137473407,0.0031473477916650443
1101069,11110690,종로구,창신3동,0.00048299711992501267,0.0006053122200430982,0.0006503678424571316,0.0007924556131036201,0.0012384763448485463,0.00043478825163207826
1101070,11110700,종로구,숭인1동,0.0007597994947972921,0.0008301424732019633,0.0011328988223446809,0.0007322359684955257,0.002023604498024516,0.00032446884450155095
1101071,11110710,종로구,숭인2동,0.0024001477643731295,0.0015219278675369327,0.0020606637015487613,0.001049480038278748,0.0016133117212035254,0.0015574504536074445
1102052,11140520,중구,소공동,0.0003965283558706407,0.0001694874216120675,0.0012144861860937835,0.00016887682944443887,0.002745415864654037,0.0008241508650339394
1102054,11140540,중구,회현동,0.0007884518663182675,0.0015323046484519572,0.0014149579941630068,0.0008024922205383025,0.00299108499645426,0.0031862840530052306
1102055,11140550,중구,명동,0.0005218824812749077,0.0002801730847056626,0.0014312754669128275,0.0004254648803832762,0.0018184581096140208,0.0019013874287790887
1102057,11140570,중구,필동,0.0008206857842793647,0.0003251391353374356,0.0021842102809402596,0.0005315038198018773,0.001425894033026036,0.0005905332969928228
1102058,11140580,중구,장충동,0.000977762178153283,0.00043582479843103073,0.0025268772086864903,0.00048306627957362747,0.0038445952791003953,0.0006489376890031019
1102059,11140590,중구,광희동,0.001237680119807845,0.0006744907594765951,0.0038415992988148854,0.0006798710601406609,0.0018969709249316178,6.489376890031019e-06
1102060,11140605,중구,을지로동,0.0005449067083899772,0.0005050033378645277,0.0005361455332083882,0.00028320687935256026,0.0019400263397832034,0.007819699152487378
1102069,11140615,중구,신당동,0.0016321618777127016,0.001265967271632994,0.005410407750333343,0.0008736212210536605,0.005078006281025225,0.0028553258316136483
1102070,11140625,중구,다산동,0.0016761637339770567,0.001335145811066491,0.0019161375143360653,0.00168178630666374,0.004611994732043359,0.004918947682643513
1102071,11140635,중구,약수동,0.0016004396092430505,0.0025388523972093378,0.0010583046612026444,0.002295328482888239,0.002383243845608348,0.0031019221534348274
1102072,11140645,중구,청구동,0.0012944732133583496,0.002078815109976583,0.0009021231363115052,0.0016896410429169699,0.004368858271704994,0.0007268102116834742
1102065,11140650,중구,신당5동,0.0013993613591047772,0.0013731940077549142,0.0015827948567325892,0.0011153725479586196,0.0022414142437443014,0.001323832885566328
1102073,11140665,중구,동화동,0.0005740707294023985,0.0005465104615246259,0.0008135425699553367,0.0011799559349296193,0.005511093101002938,0.00369245545042765
1102067,11140670,중구,황학동,0.002112600750180484,0.0015184689405652579,0.003468628493104702,0.0012379937083562612,0.0013980346469455983,0.002621708263572532
1102068,11140680,중구,중림동,0.0012837285740379839,0.0017813473904125462,0.0011608716327729447,0.001258939671698207,0.003619187518995036,0.002427026956871601
1103051,11170510,용산구,후암동,0.0021320434308554318,0.0022448436046169757,0.0017855977323375013,0.0018528450072896317,0.004470165130179313,0.006015652377058755
1103052,11170520,용산구,용산2가동,0.0014331302255402123,0.0014804207438768346,0.0033870411293555995,0.0012388664568288423,0.0033861817445041027,0.0007527677192435983
1103053,11170530,용산구,남영동,0.0019698505420670536,0.004513899698035675,0.001610767667160853,0.0010158792220843764,0.0029530949245263906,0.0005515970356526367
1103071,11170555,용산구,청파동,0.003517590253691167,0.0029815950495837183,0.002428972372187567,0.0020177944686074556,0.002461756660925945,0.004867032667523264
1103072,11170560,용산구,원효로1동,0.002561829003670062,0.0010342191645307793,0.001676037558160135,0.001247593941554653,0.0034444331881268364,0.005314799672935405
1103057,11170570,용산구,원효로2동,0.0012238655835388032,0.0011829530243127977,0.000543138735815454,0.001434362114687004,0.005115996352953095,0.00337447598281613
1103058,11170580,용산구,효창동,0.0008790138263042073,0.0003078445004790614,0.0005081727227801244,0.0009233678839907821,0.0032620808428730627,1.9468130670093056e-05
1103059,11170590,용산구,용문동,0.0010795804269510345,0.0011725762433977731,0.0005128348578515016,0.001298649727200646,0.003591328132914598,0.00407532868693948
1103073,11170625,용산구,한강로동,0.003137946331038244,0.0011414459006526996,0.004878924352196332,0.0020404859288945636,0.00362678553338061,0.0036145829277472777
1103063,11170630,용산구,이촌1동,0.0009511564045980917,0.00016602849464039267,0.003130623700429849,0.0027260298541070017,0.0038851180224901225,0.0052888421653752805
1103064,11170640,용산구,이촌2동,0.0006630977409140004,0.0004219890905443313,0.000445233899316531,0.0011027176951061938,0.0032747442001823525,0.006716505081182105
1103065,11170650,용산구,이태원1동,0.001016135890011732,0.0006952443213066443,0.004631831193413335,0.0008417659018044511,0.002826461351433492,1.2978753780062038e-05
1103066,11170660,용산구,이태원2동,0.0013701973380923558,0.0006883264673632945,0.0040117672289201566,0.0010756624924561805,0.002770742579272617,1.9468130670093056e-05
1103074,11170685,용산구,한남동,0.0028432362239653552,0.0016118599688004786,0.006920939513459584,0.0022682732802382253,0.0025402694762435415,5.191501512024815e-05
1103069,11170690,용산구,서빙고동,0.0008764555788469775,0.0007955532034852148,0.0018671850960866039,0.0012907949909474164,0.004611994732043359,0.0031019221534348274
1103070,11170700,용산구,보광동,0.0019765019854558518,0.0027014219648780553,0.004270515725381596,0.0016721860734653482,0.0020793232701853915,0.005496502225856273
1104052,11200520,성동구,왕십리2동,0.0015236921855261523,0.0013904886426132886,0.001571139519054146,0.0016198211651104835,0.006207577753013879,0.005249905904035094
1104071,11200535,성동구,왕십리도선동,0.002561829003670062,0.0024800506386908655,0.002179548145868882,0.0024018037965431306,0.004282747442001823,0.004717776999052551
1104054,11200540,성동구,마장동,0.002684113232125653,0.0019854240817413623,0.002652754855613677,0.0024550414533705766,0.002773275250734475,0.005139586496904568
1104055,11200550,성동구,사근동,0.0031174803513804045,0.0006710318325049204,0.004871931149589266,0.0009107130311383564,0.0018640461959274642,0.004977352074653792
1104056,11200560,성동구,행당1동,0.0014341535245231043,0.001106856630935951,0.0012494521991291132,0.0013545056294458353,0.0018539155100800325,0.004107775571389635
1104057,11200570,성동구,행당2동,0.0012632625943801443,0.002144534722438405,0.0005361455332083882,0.0023616573668044007,0.009778644514233614,1.9468130670093056e-05
1104058,11200580,성동구,응봉동,0.0008114760934333369,0.0005914765121563988,0.0003613154680317398,0.0015325463178523754,0.00377621314963023,1.2978753780062038e-05
1104059,11200590,성동구,금호1가동,0.0011327919740614174,0.002058061548146534,0.0005268212630656335,0.0016748043188830914,0.004475230473103029,0.004360861270100845
1104072,11200615,성동구,금호2·3가동,0.001835286725816759,0.0018885741265344666,0.0010233386481673147,0.00240922215856007,0.004123189139904771,0.007320017131954989
1104062,11200620,성동구,금호4가동,0.001145583211347567,0.0012106244400861964,0.0009650619597750986,0.0014697084278265378,0.00517171512511397,0.001375747900686576
1104073,11200645,성동구,옥수동,0.0016347201251699316,0.0012970976143780676,0.0017925909349445672,0.002585953724257738,0.002821396008509776,0.004172669340289945
1104065,11200650,성동구,성수1가1동,0.0016802569299086245,0.0013213101031797916,0.0014219511967700727,0.0015932023366967605,0.00315317597001317,0.004107775571389635
1104066,11200660,성동구,성수1가2동,0.0013983380601218852,0.0007125389561650184,0.0012261415237722268,0.0012842493774030584,0.0035963934758383143,0.006800866980752508
1104067,11200670,성동구,성수2가1동,0.0020486445637497358,0.002213713261871902,0.002345053940902776,0.001939683480311449,0.005381926856448182,0.0009279808952744358
1104068,11200690,성동구,성수2가3동,0.0014305719780829823,0.0007402103719384173,0.0009743862299178531,0.001223156984322383,0.0020134738121770843,0.0017261742527482512
1104069,11200720,성동구,송정동,0.0015252271340004903,0.0019577526659679636,0.001715665706266842,0.001208756634524795,0.0021477053996555567,0.0071253358252540595
1104070,11200790,성동구,용답동,0.002527036838251735,0.0025180988353792886,0.0036014993426389547,0.0013540692552095447,0.0024288319319217913,0.005723630417007359
1105053,11215710,광진구,화양동,0.007649671546608967,0.002130699014551706,0.00871586151593984,0.0014007612984926325,0.002431364603383649,0.004607457591922023
1105054,11215730,광진구,군자동,0.00359126778045939,0.0024696738577758407,0.006387125047786884,0.001913064651897726,0.0027175564785735995,0.003419901621046347
1105055,11215740,광진구,중곡1동,0.0024037293108132517,0.002421248880172393,0.0016550579503389372,0.001632476017962909,0.001177692229763955,0.0035626679126270298
1105056,11215750,광진구,중곡2동,0.0026257851901008104,0.0022448436046169757,0.0016270851399106734,0.0021722709482543067,0.004011751595583021,0.0010512790561850252
1105057,11215760,광진구,중곡3동,0.0022333500301617375,0.0028812861674051477,0.0012098240510224063,0.001855463252707375,0.0018311214669233108,0.002277771288400888
1105058,11215770,광진구,중곡4동,0.0027301616863557917,0.003752935764267209,0.0016713754230887577,0.0033557178770742503,0.0014436227332590417,0.005496502225856273
1105059,11215780,광진구,능동,0.0019304535312257127,0.0009477459902389081,0.0010979328093093513,0.0010259158295190588,0.0018235234525377367,0.003919583641578735
1105063,11215810,광진구,광장동,0.0011578627991422708,0.0006987032482783191,0.0008624949882047983,0.002423186134121367,0.003530544017830007,0.0018494724136588405
1105064,11215820,광진구,자양1동,0.003355909014394235,0.003254850280346031,0.0042285565097392,0.00223947258064305,0.0028973761523655153,0.0036145829277472777
1105065,11215830,광진구,자양2동,0.002199069514234856,0.0021895007730701782,0.0017786045297304353,0.0026562099763005153,0.003945902137574714,0.002680112655582811
1105066,11215840,광진구,자양3동,0.0016357434241528236,0.0009684995520689571,0.001473234682555223,0.0027365028357779746,0.0021603687569648465,0.004516606315461589
1105067,11215847,광진구,자양4동,0.003017197051056991,0.0029331700719802704,0.013622758678564436,0.002305801464559212,0.0020919866274946813,0.006839803242092694
1105060,11215850,광진구,구의1동,0.0038261148970330982,0.002442002442002442,0.0027203558141486476,0.001984193652413084,0.0036521122479991897,0.00101883217173487
1105061,11215860,광진구,구의2동,0.0022338616796531833,0.0026841273300196814,0.0019767452702639703,0.002775776517044123,0.0014182960186404619,0.005392672195615777
1105062,11215870,광진구,구의3동,0.002207255906097992,0.0013870297156416136,0.001447592939662648,0.0026871925470771437,0.0023376557592949044,0.0019338343132292437
1106081,11230536,동대문구,용신동,0.00632808091020398,0.004987772693155129,0.005601555288259811,0.0034923030130331895,0.0021021173133421132,0.0008176614881439084
1106082,11230545,동대문구,제기동,0.00393816613565977,0.004520817551979025,0.006501347357035628,0.0034351379880791285,0.0042751494276162495,0.0017586211371984062
1106083,11230560,동대문구,전농1동,0.0038174168556785164,0.005115752991107099,0.002158568538047684,0.003453465706003331,0.0023123290446763244,0.004665861983932303
1106084,11230570,동대문구,전농2동,0.0011957248615092739,0.002051143694203184,0.0014615793448767799,0.002266091409056773,0.0018437848242326006,0.0030954327765447963
1106091,11230600,동대문구,답십리1동,0.00272402189245844,0.0022690560934186996,0.00170167930105271,0.002626100153996468,0.0015120048627292068,0.0035561785357369987
1106086,11230610,동대문구,답십리2동,0.0024021943623389135,0.0034796805335048963,0.0013753298460563,0.003442992724332358,0.0025605308479384054,0.0024464950875416943
1106087,11230650,동대문구,장안1동,0.004329066347124504,0.004046944556859571,0.0025198840060794243,0.00414817349017787,0.0016690304933644007,0.0022323456501706705
1106088,11230660,동대문구,장안2동,0.0026595540565362455,0.003306734184921154,0.0016993482335170215,0.0032928799870484125,0.002813797994124202,0.0033095822139158197
1106080,11230705,동대문구,청량리동,0.0024978728172393135,0.005122670845050448,0.0022494801719395415,0.0031706952008870616,0.0018716442103130383,0.0011356409557554284
1106071,11230710,동대문구,회기동,0.0024073108572533735,0.000996170967842356,0.006277564873609518,0.0008980581782859307,0.002122378685036977,0.002783942685823307
1106072,11230720,동대문구,휘경1동,0.002385821578612642,0.0010445959454458038,0.006107396943504247,0.0012846857516393489,0.002910039509674805,0.0020960687354800193
1106073,11230730,동대문구,휘경2동,0.0033103722096555423,0.0018228545140726443,0.0026038024373642153,0.002455477827606867,0.0020489312126430958,0.0039909667873690765
1106089,11230740,동대문구,이문1동,0.0035590338624982925,0.001988883008713037,0.008720523651011216,0.0019135010261340166,0.0020084084692533685,0.002057132474139833
1106090,11230750,동대문구,이문2동,0.00170379280651514,0.002511180981435939,0.0017599559894449263,0.002355984501732624,0.0009649478269678857,0.001421173538916793
1107052,11260520,중랑구,면목2동,0.0030422678761378445,0.004496605063177301,0.0016527268828032487,0.00291890726654742,0.0023300577449093304,0.0012719178704460798
1107054,11260540,중랑구,면목4동,0.001989293222742001,0.004434344377687154,0.0014615793448767799,0.0023686393545850498,0.0024566913180022287,0.0019273449363392127
1107055,11260550,중랑구,면목5동,0.0011302337266041874,0.0018505259298460433,0.000608408626814736,0.001445707844830558,0.0021299766994225507,0.0012005347246557385
1107071,11260565,중랑구,면목본동,0.004688755939611034,0.006540830903437136,0.003487277033390211,0.0038911490650027428,0.0022616756154391652,0.0021544731274902983
1107057,11260570,중랑구,면목7동,0.0023975895169158997,0.003119952128450712,0.0014522550747340251,0.0027465394432126568,0.0017551413230675716,0.0010512790561850252
1107072,11260575,중랑구,면목3·8동,0.003175808393405247,0.00497393698526843,0.0018345501505869627,0.0032073506367354667,0.002274338972748455,0.0025243676102220665
1107059,11260580,중랑구,상봉1동,0.001746259714305157,0.0040296499220011965,0.000785569759527073,0.00254668004299159,0.0019248303110120555,0.003744370465547898
1107060,11260590,중랑구,상봉2동,0.003948399125488689,0.0030196432462721414,0.0015478288436972596,0.0019475382165646787,0.003401377773275251,0.0017715998909784683
1107061,11260600,중랑구,중화1동,0.0018475663136114627,0.0026357023524162335,0.0008741503258832415,0.0023450751458253603,0.0013575119035558708,0.002297239419070981
1107062,11260610,중랑구,중화2동,0.0038138353092383942,0.006682646909275804,0.0023287364681529553,0.0032335330909128994,0.0013853712896363085,0.00101883217173487
1107064,11260620,중랑구,묵1동,0.0028698419975205468,0.0030196432462721414,0.0010070211754174942,0.003748454689735736,0.004229561341302806,0.0038936261340186116
1107065,11260630,중랑구,묵2동,0.0021847433284743686,0.002867450459518448,0.0011398920249517468,0.002263036789402739,0.0036419815621517577,0.002686602032472842
1107073,11260655,중랑구,망우본동,0.004222643252903739,0.006015074003742559,0.001596781261946721,0.003939150230994702,0.002684631749569446,0.001362769146906514
1107068,11260660,중랑구,망우3동,0.0020199921922287607,0.004880545957033209,0.0014848900202336663,0.002154815978802685,0.002907506838212947,0.0022388350270607016
1107069,11260680,중랑구,신내1동,0.0020077126044340567,0.004351330130366957,0.0008974610012401279,0.004388179320137667,0.003363387701347381,0.003043517761424548
1107070,11260690,중랑구,신내2동,0.0016336968261870396,0.0036284143932869147,0.00044756496685221966,0.002563698638206921,0.0013144564887042852,0.003679476696647588
1108081,11290525,성북구,성북동,0.0020685988939161295,0.0010549727263608284,0.0015105317631262413,0.0018585178723614087,0.003692634991388917,0.004484159431011435
1108082,11290555,성북구,삼선동,0.003028964989360249,0.002331316778908847,0.0018951579065148675,0.002408785784323779,0.0023047310302907508,0.004854053913743202
1108083,11290575,성북구,동선동,0.0033446527255824236,0.001314392249236442,0.00206299476908445,0.0013549420036821258,0.002998683010839834,0.0011810665939856455
1108058,11290580,성북구,돈암1동,0.0009578078479868894,0.0016014831878854543,0.0004732067097447947,0.0017891343687912128,0.0027884712795056225,0.0008695765032641565
1108059,11290590,성북구,돈암2동,0.000892828362573249,0.0009650406250972823,0.0005990843566719815,0.002225944979318043,0.003211427413635903,0.0051136289893444434
1108060,11290600,성북구,안암동,0.0035150320062339374,0.0012417547828312702,0.005468684438725559,0.0012825038804578962,0.0023933745314557798,0.0025243676102220665
1108061,11290610,성북구,보문동,0.002000549511553813,0.001314392249236442,0.0014895521553050435,0.0015347281890338283,0.0027580792219633267,0.0026736232786927798
1108062,11290620,성북구,정릉1동,0.0011982831089665039,0.0010895619960775767,0.000680671720421084,0.0019030280444630437,0.006270894539560329,0.002329686303521136
1108063,11290630,성북구,정릉2동,0.0017554694051511847,0.0018159366601292947,0.0010023590403461168,0.0027447939462674946,0.0,0.003997456164259108
1108064,11290640,성북구,정릉3동,0.0023566575576002206,0.001968129446882988,0.0039884565535632695,0.0019684841799066247,0.0018817748961604702,0.0004088307440719542
1108065,11290650,성북구,정릉4동,0.002014364047822855,0.0021341579415233808,0.0016946860984456442,0.0029529444569780824,0.005014689494478777,0.0028942620929538346
1108066,11290660,성북구,길음1동,0.0013062411516616074,0.0015703528451403805,0.0008951299337044393,0.002750030437102981,0.00249214871846824,0.0017715998909784683
1108068,11290685,성북구,길음2동,0.0012857751720037679,0.0013835707886699388,0.0006760095853497067,0.001615457422747578,0.0030873265120048626,0.0028163895702734624
1108084,11290705,성북구,종암동,0.003499682521490558,0.0037391000563805096,0.0050234505394090275,0.004130282146489958,0.0020717252557998175,0.0014925566847071344
1108071,11290715,성북구,월곡1동,0.0017917965190438498,0.002642620206359583,0.0011095881469877944,0.0029245801316191973,0.004201701955222369,6.489376890031019e-06
1108072,11290725,성북구,월곡2동,0.0024600107548723104,0.0020961097448349572,0.001871847231157981,0.0022346724640438537,0.0028365920372809238,0.004231073732300225
1108076,11290760,성북구,장위1동,0.002090599822048307,0.004306364079735185,0.001079284269023842,0.0026038450679456504,0.0014081653327930302,0.0007397889654635362
1108077,11290770,성북구,장위2동,0.0015206222885774763,0.002608030936642835,0.0010489803910598897,0.0018716090994501248,0.0027783405936581906,0.0031603265454451064
1108078,11290780,성북구,장위3동,0.0010903250662714003,0.0013662761538115646,0.0006200639644931793,0.0014203981391257068,0.0030316077398439873,0.0066321431816117014
1108085,11290810,성북구,석관동,0.003790299432631879,0.004800990636684687,0.0033077848331421857,0.004427453001403816,0.0056377266740958365,0.0021414943737102362
1109069,11305534,강북구,삼양동,0.002381728382681074,0.004327117641565233,0.0010023590403461168,0.0030537469055611968,0.0034368351737412623,0.0015185141922672584
1109070,11305535,강북구,미아동,0.003267393652374079,0.0035869072696268164,0.002023366620977743,0.0027962861061497785,0.0012789990882382737,0.004185648094070007
1109071,11305545,강북구,송중동,0.003187064682217059,0.004050403483831246,0.0023403918058313984,0.003721835861322013,0.004814608448991997,0.00426352061675038
1109072,11305555,강북구,송천동,0.0033681886021889387,0.005119211918078774,0.002095629714584091,0.003838784156647878,0.0022312835578968695,0.003050007138314579
1109073,11305575,강북구,삼각산동,0.0013804303279212756,0.0035108108762499698,0.0006853338554924614,0.0027334482161239407,0.004052274338972748,0.0029526664849641136
1109060,11305590,강북구,번1동,0.003074501794098942,0.0034208787749864236,0.0016713754230887577,0.002240345329115631,0.006526694357207983,0.009519915897675505
1109061,11305600,강북구,번2동,0.0016229521868666738,0.004493146136205627,0.0005641183436366519,0.0023791123362560227,0.0037838111640158037,0.006249269945099872
1109062,11305606,강북구,번3동,0.0013328469252167987,0.006623845150757332,0.0005011795201730584,0.0026522826081739003,0.008545233512308783,0.01075938688367143
1109063,11305610,강북구,수유1동,0.002640111375861298,0.0038843749891908533,0.001053642526131267,0.0027434848235586232,0.0068762030189443825,0.004698308868382458
1109064,11305620,강북구,수유2동,0.002034318377989248,0.0034035841401280497,0.0008205357725624027,0.0029372349844716227,0.012007395400668626,0.00045425638230217136
1109065,11305630,강북구,수유3동,0.004079381395298862,0.004614208580214246,0.0018415433531940287,0.0028722152232643324,0.007544828284874886,0.0008890446339342497
1109074,11305645,강북구,우이동,0.001998502913588029,0.0028605326055750986,0.0009161095415256371,0.002888797444243373,0.002512410090163104,0.0006229801814429778
1109075,11305660,강북구,인수동,0.003112363856465945,0.005029279816815228,0.0013263774278068385,0.004300468098643269,0.00375088643501165,0.0008371296188140015
1110059,11320511,도봉구,창1동,0.002123857038992296,0.0016153188957721536,0.0007319552062062342,0.0028709061005554606,0.0037483537635497922,1.2978753780062038e-05
1110060,11320512,도봉구,창2동,0.0022251636382986015,0.0030611503699322397,0.0012937424823071975,0.0033474267665847303,0.0038116705500962416,1.2978753780062038e-05
1110061,11320513,도봉구,창3동,0.0013804303279212756,0.0028328611898017,0.0006247260995645566,0.001823171559221875,0.003160773984398744,1.2978753780062038e-05
1110062,11320514,도봉구,창4동,0.0015717872377220752,0.000926992428408859,0.0004359096291737764,0.0028002134742763935,0.0026390436632560024,0.006417993744240678
1110063,11320515,도봉구,창5동,0.0016925365177033283,0.001539222502395307,0.000582766883922161,0.002825086805744954,0.00282899402289535,1.2978753780062038e-05
1110064,11320521,도봉구,도봉1동,0.002376100238275168,0.004199137343613264,0.0008438464479192891,0.0033967370552855612,0.0023401884307567623,7.787252268037223e-05
1110065,11320522,도봉구,도봉2동,0.0021530210600047175,0.0030161843193004666,0.0007482726789560547,0.003975369292606817,0.002033735183871948,0.0011615984633155524
1110051,11320660,도봉구,쌍문1동,0.001751887858711063,0.0031614592521108102,0.0012657696718789337,0.002825959554217535,0.0017323472799108499,0.00028553258316136486
1110052,11320670,도봉구,쌍문2동,0.0017094209509210458,0.002618407717557859,0.000850839650526355,0.002428858999193144,0.002669435720798298,0.002725538293813028
1110053,11320680,도봉구,쌍문3동,0.0018644507468291802,0.002462756003832491,0.0008485085829906664,0.0020993964507937867,0.0033355283152669436,0.00776778413736713
1110054,11320681,도봉구,쌍문4동,0.0008764555788469775,0.0008266835462302885,0.0003123630497822783,0.0020666683830719962,0.001983081754634789,0.0008630871263741256
1110055,11320690,도봉구,방학1동,0.002690764675514451,0.004704140681477792,0.0012098240510224063,0.0037017626464526483,0.002532671461857968,0.0034977741437267193
1110056,11320700,도봉구,방학2동,0.0020578542545957638,0.00565880452566005,0.001184182308129831,0.0027138113754908663,0.0025630635194002632,0.001356279770016483
1110057,11320710,도봉구,방학3동,0.001068835787630669,0.000926992428408859,0.00044756496685221966,0.003316444195808102,0.002682099078107588,1.2978753780062038e-05
1111051,11350560,노원구,월계1동,0.0023259585881134615,0.0024835095656625403,0.0022727908472964277,0.002575044368350475,0.0037052983486982067,0.0018689405443289336
1111052,11350570,노원구,월계2동,0.002264560649139943,0.008159608726180965,0.0009953658377390509,0.003607069437177601,0.0037534191064735084,0.0021609625043803294
1111053,11350580,노원구,월계3동,0.0022471645664307793,0.005219520800257344,0.0009464134194895894,0.0037571821744615467,0.00205652922702867,0.00229075004218095
1111079,11350595,노원구,공릉1동,0.004773689755191068,0.006499323779777038,0.0021049539847268453,0.004167373956574654,0.0025706615337858373,0.005600332256096769
1111056,11350600,노원구,공릉2동,0.0032893945805062565,0.002421248880172393,0.0033497440487845814,0.003478339037471892,0.004277682099078107,0.004049371179379356
1111058,11350611,노원구,하계1동,0.0026257851901008104,0.007602721483741314,0.0015291803034117504,0.0028874883215345014,0.003307668929186506,0.002699580786252904
1111059,11350612,노원구,하계2동,0.0009844136215420808,0.002829402262830025,0.00033567372513916473,0.0020832506040510367,0.00390031405126127,0.008591935002401069
1111060,11350619,노원구,중계본동,0.00093478362087182,0.0013282279571231413,0.00034732906281760795,0.0017306602211282806,0.002264208286901023,0.003355007852146037
1111061,11350621,노원구,중계1동,0.0007613344432716301,0.0018228545140726443,0.00048486204742323794,0.0016080390607306387,0.0034773579171309896,0.0029072408467338967
1111064,11350624,노원구,중계4동,0.0014351768235059963,0.00485979239520316,0.0002657416990685054,0.0023913308148721577,0.003431769830817546,0.005256395280925126
1111078,11350625,노원구,중계2·3동,0.002795141171769432,0.011500932180818867,0.0008042182998125822,0.00438250645506589,0.0008231182251038395,0.0031733052992251685
1111065,11350630,노원구,상계1동,0.0024850815799531637,0.004621126434157596,0.0007715833543129411,0.004554874278400654,0.0017019552223685543,0.00541214032628587
1111066,11350640,노원구,상계2동,0.0017099326004124918,0.0026633737681896323,0.0007622590841701866,0.0021940896600688336,0.0022439469152061593,0.0032317096912354475
1111076,11350665,노원구,상계3·4동,0.002392984671492886,0.006748366521737627,0.0006993202607065932,0.0037270723521575,0.0032063620707121873,0.005820971070357824
1111069,11350670,노원구,상계5동,0.002216977246435466,0.0048286620524580865,0.0007296241386705455,0.0031170211698233253,0.0016791611792118326,0.009403107113654947
1111077,11350695,노원구,상계6·7동,0.0023960545684415615,0.0021652882842684543,0.0007249620035991683,0.0031951321581193317,0.004047208996049032,0.002783942685823307
1111072,11350700,노원구,상계8동,0.0012499597076025485,0.0007159978831366933,0.00028439023935401456,0.0018000437246984762,0.0020160064836389426,0.005548417240976522
1111073,11350710,노원구,상계9동,0.0012305170269276012,0.0011345280467093498,0.0005478008708868314,0.002188416794997057,0.002352851788066052,0.00496437332087373
1111074,11350720,노원구,상계10동,0.0011113026954206859,0.0009131567205221597,0.00029371450949676914,0.0017716793993395913,0.002026137169486374,0.003367986605926099
1112051,11380510,은평구,녹번동,0.0038997924238013204,0.004520817551979025,0.0017716113271233694,0.004281704006482776,0.001425894033026036,0.0021155368661501125
1112052,11380520,은평구,불광1동,0.0036347579872322987,0.004797531709713013,0.0015105317631262413,0.00478702537210722,0.0012258129875392565,0.001998728082129554
1112072,11380530,은평구,불광2동,0.0035232183980970734,0.00564496881777335,0.0014918832228407322,0.00371092650541475,0.003859791307871543,0.005814481693467793
1112055,11380551,은평구,갈현1동,0.0020604125020529935,0.004361706911281982,0.001067628931345399,0.002806322713584461,0.0024642893323878028,0.0042959675012005346
1112056,11380552,은평구,갈현2동,0.002435451579282903,0.0033759127243546505,0.0015734705865898346,0.0031192030410047778,0.0029252355384459527,0.0015509610767174137
1112057,11380560,은평구,구산동,0.0024016827128474677,0.0036491679551169634,0.001433606534448516,0.0038226383099051278,0.0033152669435720797,0.0021869200119404536
1112058,11380570,은평구,대조동,0.004040496033948967,0.00405386241080292,0.001715665706266842,0.0031170211698233253,0.002064127241414244,0.0024919207257719112
1112059,11380580,은평구,응암1동,0.003114410454431729,0.0027083398188214054,0.0015688084515184575,0.0031414581270555954,0.001800729409381015,0.00305649651520461
1112060,11380590,은평구,응암2동,0.0016792336309257325,0.0027325523076231293,0.0010839464040952194,0.002411840403977813,0.002910039509674805,0.003043517761424548
1112073,11380600,은평구,응암3동,0.0032203218991610485,0.004707599608449467,0.0016061055320894756,0.0033613907421460275,0.003831931921791105,0.0021674518812703604
1112074,11380625,은평구,역촌동,0.00432701974915872,0.005676099160518424,0.002132926795155109,0.005192417037621132,0.001101712085908216,0.0028942620929538346
1112065,11380631,은평구,신사1동,0.0022292568342301695,0.0026149487905861844,0.001060635728738333,0.0031536766056717304,0.0019298956539357715,0.005120118366234474
1112066,11380632,은평구,신사2동,0.0016828151773658545,0.002486968492634215,0.0007086445308493478,0.00245809607302461,0.0021603687569648465,0.0046334150994821474
1112067,11380640,은평구,증산동,0.0014699689889243234,0.00158418855302708,0.0005641183436366519,0.0019488473392735503,0.00189443825346976,0.004555542576801776
1112068,11380650,은평구,수색동,0.0009322253734145901,0.001515010013593583,0.0003636465355674285,0.0013392325311756665,0.002930300881369669,0.0021414943737102362
1112071,11380690,은평구,진관동,0.0033037207662667445,0.003413960921043074,0.0013869851837347432,0.005179325810532416,0.0017424779657582818,0.003484795389946657
1113052,11410520,서대문구,천연동,0.001582020227550995,0.0022344668237019513,0.0009767172974535418,0.0019353197379485436,0.0016994225509066965,0.003432880374826409
1113074,11410555,서대문구,북아현동,0.0014239205346941845,0.0016741206542906259,0.0012331347263792927,0.0014361076116321662,0.0017880660520717252,0.0011031940713052734
1113073,11410565,서대문구,충현동,0.0026140172517975526,0.001943916958081264,0.0016294162074463622,0.0021705254513091445,0.005169182453652112,0.0008760658801541876
1113075,11410585,서대문구,신촌동,0.005953553482465516,0.001625695676687178,0.013035329659570898,0.0012633034140611126,0.0018235234525377367,0.002362133187971291
1113076,11410615,서대문구,연희동,0.0053242246079869505,0.002324398924965497,0.008983934282544034,0.0036144877991945404,0.0016664978219025428,0.0025308569871120975
1113062,11410620,서대문구,홍제1동,0.0020558076566299798,0.001992341935684712,0.0010699599988810875,0.002796722480386069,0.0013676425894033025,0.0018559617905488715
1113064,11410640,서대문구,홍제3동,0.0015589960004359254,0.001902409834421166,0.0007016513282422818,0.002135179138169611,0.0010941140715226422,0.003329050344585913
1113065,11410655,서대문구,홍제2동,0.000978273827644729,0.0015495992833103314,0.000477868844816172,0.0017219327364024696,0.0015196028771147807,0.0017780892678684994
1113066,11410660,서대문구,홍은1동,0.0017738887868432402,0.002075356183004908,0.0009510755545609667,0.002800649848512684,0.0015069395198054909,0.0015185141922672584
1113068,11410685,서대문구,홍은2동,0.0026585307575533535,0.0028985808022635217,0.0026877208686490067,0.0031754953174862573,0.0013195218316280012,0.0014601098002569794
1113069,11410690,서대문구,남가좌1동,0.0006743540297258121,0.0007367514449667424,0.0010233386481673147,0.0013003952241458084,0.0027378178502684633,0.0011810665939856455
1113070,11410700,서대문구,남가좌2동,0.002776210140585931,0.003548859072938393,0.003652782828424105,0.0029394168556530756,0.0017981967379191572,0.0008955340108242806
1113071,11410710,서대문구,북가좌1동,0.0008713390839325176,0.0012175422940295462,0.0006899959905638386,0.0018484812649267263,0.004011751595583021,0.0031473477916650443
1113072,11410720,서대문구,북가좌2동,0.0030816648869791854,0.0037391000563805096,0.0016667132880173804,0.003911658654108398,0.0015499949346570762,0.0016288335993977858
1114078,11440555,마포구,아현동,0.0017227238376986416,0.0013213101031797916,0.0016503958152675599,0.0020692866284897395,0.0012308783304629724,0.002985113369414269
1114077,11440565,마포구,공덕동,0.004706152022320198,0.003140705690280761,0.002869544136432721,0.0037065627630518444,0.003540674703677439,0.004003945541149139
1114075,11440585,마포구,도화동,0.001868543942760748,0.0014077832774716627,0.0011049260119164173,0.0022787462619091982,0.0020033431263296523,0.001388726654466638
1114059,11440590,마포구,용강동,0.0018117508492102434,0.0011379869736810246,0.0015291803034117504,0.0018432447740912399,0.0017830007091480093,0.001343301016236421
1114060,11440600,마포구,대흥동,0.002903610863955982,0.0014631261090184602,0.004475649668522197,0.0012606851686433691,0.0026998277783405935,0.002368622564861322
1114061,11440610,마포구,염리동,0.0017360267244762371,0.0011276101927660002,0.0012447900640577359,0.001267667156424018,0.003208894742174045,0.0034588378823865334
1114063,11440630,마포구,신수동,0.002035853326463586,0.0010549727263608284,0.0013636745083778568,0.0020653592603631244,0.0023680478168371997,0.00101883217173487
1114076,11440655,마포구,서강동,0.003021801896480005,0.0009927120408706812,0.0023403918058313984,0.0020396131804219825,0.0015778543207375139,0.001343301016236421
1114066,11440660,마포구,서교동,0.005273571308333798,0.001155281608539399,0.00541506988540472,0.002026085579096976,0.002112247999189545,0.0022518137808407637
1114068,11440680,마포구,합정동,0.002634994880946838,0.0015772706990837303,0.0013963094538774977,0.0016302941467814564,0.0021603687569648465,0.002050643097249802
1114069,11440690,마포구,망원1동,0.0026477861182329877,0.0018609027107610676,0.001407964791555941,0.0020684138800171584,0.0014284267044878938,0.00427000999364041
1114070,11440700,마포구,망원2동,0.0017350034254933451,0.001314392249236442,0.0010373250533814466,0.0018759728418130301,0.0006534292371593557,0.001025321548624901
1114071,11440710,마포구,연남동,0.002629366736540932,0.0007782585686268406,0.0030024149859669736,0.0014557444522652406,0.0007977915104852598,0.0012589391166660177
1114072,11440720,마포구,성산1동,0.002353076011160099,0.00147004396296181,0.0013310395628782156,0.0018092075836605777,0.0009066963833451525,0.0018235149060987165
1114073,11440730,마포구,성산2동,0.004808993570100841,0.005115752991107099,0.0014149579941630068,0.0037558730517526753,0.00048627292067672984,0.005295331542265312
1114074,11440740,마포구,상암동,0.0023581925060745584,0.0023416935598238714,0.0022145141589042117,0.00246595080927784,0.0012055516158443926,0.0013692585237965451
1115051,11470510,양천구,목1동,0.0008754322798640855,0.0008889442317204357,0.0007599280166344979,0.0021299426473341244,0.0018235234525377367,0.001680748614518034
1115052,11470520,양천구,목2동,0.002721975294492656,0.0026529969872746075,0.0011935065782725856,0.0027831948790610623,0.0014765474622631953,0.0009474490259445288
1115053,11470530,양천구,목3동,0.0021033910593344566,0.0025388523972093378,0.0009860415675962964,0.0022473273168962795,0.001489210819572485,0.0012524497397759867
1115054,11470540,양천구,목4동,0.001701746208549356,0.002275973947362049,0.0010886085391665968,0.002132997266988158,0.001175159558302097,0.0014341522926968552
1115071,11470550,양천구,목5동,0.0009117593937567506,0.0001245213709802945,0.0006270571671002452,0.0030742564946668522,0.0012384763448485463,0.0016223442225077548
1115057,11470560,양천구,신월1동,0.0025275484877431806,0.004641879995987645,0.0016713754230887577,0.0027338845903602314,0.0007522034241718164,0.0007332995885735051
1115058,11470570,양천구,신월2동,0.0013717322865666938,0.0018954919804778161,0.0010163454455602487,0.002484714901438333,0.0017728700233005774,0.003679476696647588
1115059,11470580,양천구,신월3동,0.002124368688483742,0.004050403483831246,0.0011095881469877944,0.001938810731838868,0.001172626886840239,0.0017845786447585302
1115060,11470590,양천구,신월4동,0.0008866885686758971,0.0010307602375591045,0.0007086445308493478,0.002081941481342165,0.004976699422550907,0.00554192786408649
1115061,11470600,양천구,신월5동,0.0012560995014999005,0.00191970446927954,0.0008694881908118642,0.0016115300546209633,0.001646236450207679,0.001343301016236421
1115062,11470610,양천구,신월6동,0.0006579812459995406,0.0006433604167315215,0.0003100319822465897,0.0012052656406344707,0.001572788977813798,0.0010902153175252113
1115063,11470611,양천구,신월7동,0.0017964013644668638,0.0026841273300196814,0.000955737689632344,0.002730393596469907,0.0016310404214365313,0.00242053757998157
1115064,11470620,양천구,신정1동,0.0007260306283618569,0.0006641139785615707,0.0005944222216006042,0.0016935684110435847,0.0023959072029176376,0.0015639398304974756
1115065,11470630,양천구,신정2동,0.0008201741347879187,0.0018954919804778161,0.0006107396943504247,0.0017118961289677873,0.001342315874784723,0.0018364936598787784
1115066,11470640,양천구,신정3동,0.0027531859134708615,0.005295617193634191,0.0022681287122250505,0.004782225255508025,0.0027580792219633267,0.0025243676102220665
1115072,11470650,양천구,신정4동,0.004051240673269333,0.004548488967752424,0.0033450819137132042,0.003703944517634101,0.0009801438557390336,0.004250541862970318
1115069,11470670,양천구,신정6동,0.0006175609361753075,0.00014873385978201844,0.00029371450949676914,0.0018606997435428613,0.0015373315773477864,0.002998092123194331
1115070,11470680,양천구,신정7동,0.0016879316722803143,0.00485979239520316,0.001021007580631626,0.003162404090397541,0.0013701752608651606,0.0016028760918376616
1116051,11500510,강서구,염창동,0.002511687353508355,0.0006191479279297976,0.0006830027879567727,0.0030114186046410144,0.002124911356498835,0.002368622564861322
1116052,11500520,강서구,등촌1동,0.004192455932908425,0.0008197656922869388,0.0008858056635616847,0.0018510995103444695,0.0010687873569040624,0.0021155368661501125
1116053,11500530,강서구,등촌2동,0.0015584843509444794,0.0010515137993891534,0.0006270571671002452,0.0020692866284897395,0.0013651099179414446,0.0008695765032641565
1116054,11500535,강서구,등촌3동,0.0035621037594469685,0.014524034354062682,0.00110026387684504,0.004239812079798884,0.0018311214669233108,5.8404392010279176e-05
1116073,11500540,강서구,화곡1동,0.007769909177098773,0.005212602946313994,0.005109700038229507,0.00536085749282928,0.002514942761624962,0.0002076600604809926
1116057,11500550,강서구,화곡2동,0.0017099326004124918,0.0021168633066650064,0.0015758016541255232,0.0018593906208339897,0.0016791611792118326,0.00042829887474204727
1116058,11500560,강서구,화곡3동,0.0019826417793532033,0.0017294634858374236,0.000923102744132703,0.002602535945236779,0.0017044878938304122,0.00014276629158068243
1116059,11500570,강서구,화곡4동,0.002083948378659509,0.002919334364093571,0.001715665706266842,0.002432349993083468,0.0013651099179414446,0.0007268102116834742
1116055,11500590,강서구,화곡본동,0.004479491297609625,0.004465474720432227,0.0023287364681529553,0.0031789863113765816,0.0016031810353560937,0.0015704292073875066
1116061,11500591,강서구,화곡6동,0.0035488008726693725,0.0026322434254445587,0.0012401279289863587,0.002613881675380333,0.0023249924019856146,0.000661916442783164
1116063,11500593,강서구,화곡8동,0.0026733685928052872,0.0027048808918497306,0.00233806073829571,0.0027714127746812176,0.00265423969202715,0.0009344702721644668
1116064,11500603,강서구,가양1동,0.007098625044321637,0.0007886353495418652,0.0011398920249517468,0.0022172174945922322,0.0014613514334920474,0.0011096834481953042
1116065,11500604,강서구,가양2동,0.002373030341326492,0.009076224373674798,0.0005058416552444358,0.002512206478324637,0.0016057137068179515,0.0007917039805837844
1116066,11500605,강서구,가양3동,0.0018792885820811138,0.006174184644439602,0.0006363814372429998,0.0022263813535543337,0.0018463174956944585,0.0004931926436423574
1116067,11500611,강서구,발산1동,0.0015876483719569007,0.003209884229714258,0.0009487444870252781,0.0030389101815273185,0.001413230675716746,0.001064257809965087
1116074,11500615,강서구,우장산동,0.0021525094105132713,0.001719086704922399,0.0011632027003086332,0.0037405999534825063,0.001501874176881775,0.0002790432062713338
1116069,11500620,강서구,공항동,0.0030356164327490468,0.003829032157644056,0.0028578887987542774,0.0027434848235586232,0.002360449802451626,0.006697036950512012
1116070,11500630,강서구,방화1동,0.0027434645731333877,0.002870909386490123,0.0015501599112329482,0.004323159558930377,0.004454969101408165,0.0021479837506002673
1116071,11500640,강서구,방화2동,0.003188087981199951,0.004545030040780749,0.0014825589526979775,0.0029869816474087443,0.001486678148110627,0.0007722358499136913
1116072,11500641,강서구,방화3동,0.0026713219948395032,0.006125759666836154,0.0007948940296698276,0.0032047323913177235,0.0015120048627292068,0.001635322976287817
1117051,11530510,구로구,신도림동,0.001875707035640992,0.0005084622648362026,0.0015338424384831277,0.0030210188378394062,0.002973356296221254,0.002375111941751353
1117052,11530520,구로구,구로1동,0.0012213073360815732,0.00022483025315886505,0.0008251979076337799,0.0018048438412976724,0.002357917130989768,0.0009085127646043427
1117071,11530530,구로구,구로2동,0.0033006508693180685,0.003189130667884209,0.03554644885171613,0.0034237922579355745,0.002750481207577753,0.0026087295097924697
1117054,11530540,구로구,구로3동,0.0042722732535739995,0.0013074743952930922,0.008508396505263551,0.002124706156498638,0.001808327423766589,0.0008501083725940635
1117055,11530550,구로구,구로4동,0.0028621672551488566,0.0026599148412179575,0.020226673007170362,0.002681083307769076,0.0018235234525377367,6.489376890031019e-06
1117056,11530560,구로구,구로5동,0.004301437274586421,0.0014354546932450615,0.013144889833748263,0.0029651629355942175,0.0016791611792118326,0.001343301016236421
1117070,11530595,구로구,가리봉동,0.0022717237420201864,0.00191970446927954,0.01825925200704915,0.0012445393219006192,0.0024870833755445245,0.0007527677192435983
1117061,11530720,구로구,고척1동,0.002004642707485381,0.0016568260194322517,0.0016410715451248053,0.002737811958486846,0.00189443825346976,0.002057132474139833
1117062,11530730,구로구,고척2동,0.0020941813684884287,0.0029539236338103196,0.003044374201609369,0.0032492425634193588,0.002651707020565292,0.0006294695583330089
1117072,11530740,구로구,개봉1동,0.002781326635500391,0.004001978506227798,0.004543250627057167,0.00405042566124879,0.004072535710667612,0.002076600604809926
1117064,11530750,구로구,개봉2동,0.0018143090966674733,0.002082274036948258,0.0025478568165076877,0.003982787654623756,0.0012967277884712795,0.0012784072473361109
1117065,11530760,구로구,개봉3동,0.0014970864119709607,0.0016222367497155032,0.0021981966861543915,0.0026789014365876233,0.00234272110221862,0.0015769185842775377
1117067,11530770,구로구,오류1동,0.003533963037417439,0.0028639915325467734,0.0033310955084990723,0.0024738055455310695,0.001886840239084186,0.0021998987657205157
1117068,11530780,구로구,오류2동,0.0025899697256995913,0.0037183464945504605,0.003979132283420515,0.00424504857063437,0.001585452335123088,0.0023102181728510427
1117069,11530790,구로구,수궁동,0.0016715588885540427,0.0022310078967302765,0.001892826838979179,0.0027980316030949406,0.002345253773680478,0.001025321548624901
1118051,11545510,금천구,가산동,0.006925687516212893,0.002397036391370669,0.011606385260193757,0.0017646974115589425,0.0031861006990173235,0.0010512790561850252
1118052,11545610,금천구,독산1동,0.006796240194877058,0.004520817551979025,0.008974610012401279,0.0037746371439131687,0.003064532468848141,0.0024464950875416943
1118053,11545620,금천구,독산2동,0.0023346566294680433,0.0034312555559014484,0.007778772366593005,0.002293146611706786,0.0015221355485766387,0.0019533024438993366
1118054,11545630,금천구,독산3동,0.0033891662313382245,0.0030369378811305157,0.017322162857702314,0.0029477079661425955,0.0013119238172424274,0.0010577684330750562
1118055,11545640,금천구,독산4동,0.0019079409536020891,0.0023762828295406197,0.00838718099340774,0.0018995370505727194,0.0011143754432175058,0.0014017054082467002
1118057,11545670,금천구,시흥1동,0.003940212733625554,0.004306364079735185,0.009142446874970862,0.0038850398256946752,0.0019881470975585047,0.0007592570961336292
1118058,11545680,금천구,시흥2동,0.0011292104276212954,0.003330946673722878,0.0008205357725624027,0.0025794081107133804,0.002375645831222774,0.001356279770016483
1118059,11545690,금천구,시흥3동,0.0008186391863135808,0.0010342191645307793,0.0009067852713828825,0.001499818250130585,0.0026314456488704284,0.0017326636296382822
1118060,11545700,금천구,시흥4동,0.0018066343542957836,0.0031925895948558838,0.0038485925014219513,0.0026448642461569614,0.0017500759801438556,0.002693091409362873
1118061,11545710,금천구,시흥5동,0.002180138483051355,0.004423967596772129,0.0031912314563577538,0.002634391264485988,0.0012891297740857057,0.0046918194914924265
1119073,11560515,영등포구,영등포본동,0.002547502817909574,0.0030888217857056384,0.009753186569321287,0.002564571386679502,0.0036445142336136156,0.001693727368298096
1119074,11560535,영등포구,영등포동,0.008279512070578978,0.005371713587011037,0.0026550859231493653,0.002228126850499496,0.0007496707527099585,0.0014795779309270723
1119054,11560540,영등포구,여의동,0.0023581925060745584,0.002355529267710571,0.002356709278581219,0.0036598707197687567,0.0018969709249316178,0.002725538293813028
1119055,11560550,영등포구,당산1동,0.0030499426185095343,0.0016602849464039265,0.0018438744207297175,0.002111178555173631,0.0014740147908013372,0.0021544731274902983
1119056,11560560,영등포구,당산2동,0.005100633780225054,0.0008059299844002393,0.0019394481896929518,0.0029647265613579267,0.0017880660520717252,0.006327142467780243
1119075,11560585,영등포구,도림동,0.002596109519596943,0.002275973947362049,0.010564398071740935,0.0019811390327590505,0.0010966467429845,0.0028877727160638036
1119076,11560605,영등포구,문래동,0.002028178584091896,0.0008370603271453129,0.001093270674237974,0.002880069959517562,0.000942153783811164,0.0016547911069579098
1119061,11560610,영등포구,양평1동,0.0027531859134708615,0.0008405192541169878,0.0012284725913079154,0.0014347984889232946,0.0005318610069901732,0.0012394709859959248
1119062,11560620,영등포구,양평2동,0.0025812716843450095,0.0008197656922869388,0.0009347580818111462,0.001682659055136321,0.0020919866274946813,0.0029721346156342068
1119063,11560630,영등포구,신길1동,0.003667503554684842,0.0027014219648780553,0.006937256986209404,0.001987248272067118,0.003611589504609462,0.0031668159223351374
1119065,11560650,영등포구,신길3동,0.0015963464133114825,0.002168747211240129,0.0052961854410845995,0.0019532110816364557,0.0017526086516057137,0.002978623992524238
1119066,11560660,영등포구,신길4동,0.0012509830065854405,0.0019231633962512149,0.0038812274469215923,0.0014443987221216864,0.0020919866274946813,0.0039325623953587975
1119067,11560670,영등포구,신길5동,0.0009839019720506348,0.001511551086621908,0.005237908752692383,0.0012829402546941867,0.0017171512511397022,0.0004153201209619852
1119068,11560680,영등포구,신길6동,0.002202139411183532,0.001428536839301712,0.0044150419125942916,0.0020540135302195704,0.00267956640664573,0.0017326636296382822
1119069,11560690,영등포구,신길7동,0.0011599093971080548,0.0007644228607401412,0.001053642526131267,0.0016542947297774361,0.0022566102725154495,0.0015314929460473205
1119070,11560700,영등포구,대림1동,0.0016546744553363251,0.0016879563621773252,0.012494521991291132,0.0018702999767412532,0.0022338162293587278,0.0018040467754286233
1119071,11560710,영등포구,대림2동,0.002085994976625293,0.001428536839301712,0.030131378966311413,0.0016844045520814832,0.0018513828386181744,0.0023102181728510427
1119072,11560720,영등포구,대림3동,0.002180138483051355,0.002397036391370669,0.017748748216733334,0.0028325051677618933,0.003158241312936886,0.004555542576801776
1120072,11590510,동작구,노량진1동,0.00432190325424426,0.0033620770164679513,0.001447592939662648,0.003573032246746939,0.0025655961908621215,0.003958519902918922
1120052,11590520,동작구,노량진2동,0.0024021943623389135,0.0024004953183423437,0.0030653538094305667,0.0016551674782500172,0.0024490933036166547,0.0010577684330750562
1120053,11590530,동작구,상도1동,0.0057376373970753096,0.003234096718515982,0.005014126269266273,0.00437421534457637,0.002254077601053591,0.0002985113369414269
1120054,11590540,동작구,상도2동,0.002637041478912622,0.001286720833463043,0.001328708495342527,0.002795849731913488,0.0018539155100800325,0.0010902153175252113
1120055,11590550,동작구,상도3동,0.0030028708652965037,0.0028397790437450494,0.001748300651766483,0.002736066461541684,0.00063570053692635,0.0021804306350504225
1120056,11590560,동작구,상도4동,0.0034700068509866903,0.003330946673722878,0.0019254617844788199,0.0031676405812330276,0.0029657582818356804,0.003290114083245727
1120071,11590605,동작구,흑석동,0.002551596013841142,0.0022483025315886505,0.0059488843510774195,0.0034687388042735,0.0014360247188734676,0.0023037287959610116
1120063,11590620,동작구,사당1동,0.004365393461017169,0.0020926508178632825,0.002384682089009483,0.00236907572882134,0.0018665788673893223,0.0015444716998273826
1120073,11590630,동작구,사당2동,0.002306515907438514,0.001604942114857129,0.0019441103247643291,0.0031942594096467506,0.004166244554756357,0.0007397889654635362
1120065,11590640,동작구,사당3동,0.0019514311603749982,0.001494256451763534,0.0012004997808796516,0.0027321390934150693,0.001175159558302097,0.005191501512024815
1120066,11590650,동작구,사당4동,0.0018634274478462882,0.0014735028899334848,0.0008135425699553367,0.0016503673616508213,0.0035786647756053083,4.5425638230217136e-05
1120067,11590651,동작구,사당5동,0.001403966204527791,0.0009650406250972823,0.0006107396943504247,0.0014478897160120107,0.005366730827677034,0.003647029812197433
1120068,11590660,동작구,대방동,0.00391258366108747,0.0037875250339839575,0.001885833636372113,0.003530703945826757,0.0020388005267956643,0.00021414943737102363
1120069,11590670,동작구,신대방1동,0.0021535327094961633,0.0016429903115455524,0.009475789532574337,0.002368202980348759,0.0023401884307567623,0.0002011706835909616
1120070,11590680,동작구,신대방2동,0.0025751318904476575,0.0015772706990837303,0.0012890803472358201,0.0018816457068848071,0.0019020362678553338,0.00022712819115108568
1121052,11620525,관악구,보라매동,0.0036465259255355565,0.0029262522180369204,0.0023730267513310394,0.0027443575720312043,0.001800729409381015,0.0002790432062713338
1121054,11620545,관악구,청림동,0.0010841852723740485,0.0016637438733756015,0.0005734426137794064,0.0016556038524863077,0.0029277682099078106,7.787252268037223e-05
1121079,11620565,관악구,성현동,0.002162230750850745,0.004164548073896516,0.001223810456236538,0.0032448788210564534,0.0023325904163711882,0.00229075004218095
1121057,11620575,관악구,행운동,0.0062175646200516455,0.0029124165101502212,0.002179548145868882,0.002638755006848894,0.002365515145375342,0.004257031239860348
1121058,11620585,관악구,낙성대동,0.004519911607433858,0.0012694261986046689,0.0047810195156974085,0.0011873742969465586,0.0020919866274946813,0.001012342794844839
1121080,11620595,관악구,청룡동,0.009050567854188082,0.0033828305782980005,0.004841627271625314,0.002738684706959427,0.0021806301286597103,0.0011486197095354905
1121078,11620605,관악구,은천동,0.0038900710834638467,0.004340953349451933,0.0024919111956511605,0.0035612501423670944,0.0013473812177084389,0.0010707471868551181
1121061,11620615,관악구,중앙동,0.003688481183834127,0.0016879563621773252,0.0017529627868378603,0.0014256346299611933,0.001334717860399149,0.0036729873197575568
1121062,11620625,관악구,인헌동,0.004543447484040373,0.0020027187165997363,0.0014219511967700727,0.002416640520577009,0.0019222976395501976,0.0032252203143454164
1121063,11620630,관악구,남현동,0.002854492512777167,0.001037678091502454,0.0010116833104888716,0.0017646974115589425,0.0012080842873062507,0.003718412957987774
1121064,11620645,관악구,서원동,0.005174311306993276,0.0023901185374273193,0.002920827622217871,0.002051395284801827,0.001810860095228447,0.0002401069449311477
1121065,11620655,관악구,신원동,0.0038491391241481676,0.0030991985666206628,0.004405717642451537,0.0019327014925308004,0.0015575929490426502,0.005236927150255032
1121066,11620665,관악구,서림동,0.005245430586304269,0.0032444734994310064,0.0024569451826158308,0.002172707322490597,0.0019121669537027657,0.003361497229036068
1121068,11620685,관악구,신사동,0.00501825821210225,0.0032168020836576077,0.011356961033875073,0.0021447793713680026,0.002702360449802452,0.004905968928863451
1121069,11620695,관악구,신림동,0.008230905368891608,0.0025941952287561352,0.002895185879325296,0.0011921744135457546,0.0027200891500354573,0.0016288335993977858
1121071,11620715,관악구,난향동,0.0010130659930630561,0.0016637438733756015,0.0007809076244556958,0.0016909501656258415,0.0014486880761827576,0.0027385170475930903
1121072,11620725,관악구,조원동,0.003950445723454473,0.002061520475118209,0.007128404524135873,0.0017337148407823143,0.0015170702056529228,0.0008760658801541876
1121073,11620735,관악구,대학동,0.00669135204913063,0.00418876056269824,0.002743666489505534,0.0018698636025049626,0.0009953398845101813,0.00497086269776376
1121082,11620745,관악구,삼성동,0.0021514861115303793,0.004365165838253657,0.0010046901078818056,0.003469175178509791,0.0012384763448485463,0.0009669171566146219
1121083,11620765,관악구,미성동,0.0032679053018655254,0.0032652270612610556,0.003156265443322424,0.003645906744207459,0.0012410090163104041,0.0022323456501706705
1121081,11620775,관악구,난곡동,0.0030386863296977228,0.005281781485747491,0.0025268772086864903,0.003366190858745223,0.001180224901225813,0.007410868408415424
1122051,11650510,서초구,서초1동,0.0021919064213546126,0.0009857941869273314,0.0010140143780245602,0.001874227344867868,0.001185290244149529,0.005081182104894288
1122052,11650520,서초구,서초2동,0.002438521476231579,0.0003735641129408835,0.0016457336801961827,0.0016918229140984226,0.001342315874784723,0.0004088307440719542
1122053,11650530,서초구,서초3동,0.003661875410278936,0.0009581227711539326,0.001708672503659776,0.0030022547456789134,0.0009573498125823118,0.0038157536113382394
1122054,11650531,서초구,서초4동,0.001145583211347567,0.00022483025315886505,0.001466241479948157,0.002548425539936752,0.0005977104649984804,0.001349790393126452
1122055,11650540,서초구,잠원동,0.0017651907454886585,0.0007540460798251166,0.0011678648353800106,0.00215088861067607,0.0008180528821801235,0.0009085127646043427
1122056,11650550,서초구,반포본동,3.4792165418327183e-05,1.0376780915024542e-05,0.00014219511967700728,0.001031588694590836,0.0020818559416472494,0.0015834079611675687
1122057,11650560,서초구,반포1동,0.0031727384964565716,0.001310933322264767,0.0019417792572286403,0.0023987491768890966,0.001256205045081552,0.0014276629158068242
1122058,11650570,서초구,반포2동,0.0003156877362221746,2.4212488801723928e-05,0.0010629667962740216,0.0011611918427691262,0.0016183770641272413,0.0023816013186413842
1122059,11650580,서초구,반포3동,0.0006702608337942443,9.684995520689571e-05,0.0005244901955299448,0.0018598269950702803,0.0008737716543409989,0.001979259951459461
1122060,11650581,서초구,반포4동,0.0009097127957909667,0.000249042741960589,0.0024056616968306807,0.0017865161233734696,0.001972951068787357,0.0007332995885735051
1122061,11650590,서초구,방배본동,0.0011819103252402323,0.0008370603271453129,0.001086277471630908,0.0018864458234840033,0.0027884712795056225,0.0022647925346208258
1122062,11650600,서초구,방배1동,0.0015134591956972325,0.0008508960350320124,0.0007948940296698276,0.001758588172250875,0.0031126532266234426,0.0022063881426105467
1122063,11650610,서초구,방배2동,0.0014771320818045674,0.001335145811066491,0.0007692522867772526,0.002242963574533374,0.005809948333502178,0.0016158548456177237
1122064,11650620,서초구,방배3동,0.0007070995971783554,0.0003666462589975338,0.0006293882346359339,0.002242090826060793,0.004166244554756357,0.001713195498968189
1122065,11650621,서초구,방배4동,0.0017217005387157496,0.0008751085238337362,0.001303066752449952,0.002112051303646212,0.0031253165839327324,0.0014730885540370413
1122066,11650651,서초구,양재1동,0.003188087981199951,0.0049393477155516815,0.0020047180806922337,0.004383815577774762,0.004318204842467835,0.0008306402419239704
1122067,11650652,서초구,양재2동,0.0028422129249824632,0.001743299193724123,0.0010093522429531828,0.0019361924864211247,0.0037534191064735084,0.0009669171566146219
1122068,11650660,서초구,내곡동,0.001151211355753473,0.0015668939181687058,0.0006270571671002452,0.0020007758733921245,0.0012258129875392565,0.0007397889654635362
1123051,11680510,강남구,신사동,0.0013655924926693418,0.0006191479279297976,0.001172526970451388,0.0017031686442419765,0.0031075878836997264,0.0004672351360822334
1123052,11680521,강남구,논현1동,0.0047972256317975834,0.0022517614585603253,0.0024569451826158308,0.001824917056167037,0.0025377368047816836,0.0012135134784358006
1123053,11680531,강남구,논현2동,0.0032111122083150205,0.001221001221001221,0.0015758016541255232,0.0019104464064799828,0.005493364400769932,0.0015898973380575998
1123077,11680545,강남구,압구정동,0.0013835002248699514,0.00045657836026107983,0.001447592939662648,0.002942471475307109,0.002902441495289231,0.00043478825163207826
1123078,11680565,강남구,청담동,0.0022451179684649953,0.0005672640233546749,0.0015991123294824099,0.002378675962019732,0.0022692736298247393,0.002342665057301198
1123058,11680580,강남구,삼성1동,0.001017159188994624,0.00038048196688423316,0.0011072570794521059,0.0013239594329054975,0.003360855029885523,0.0006035120507728848
1123059,11680590,강남구,삼성2동,0.0029726835453011903,0.0011898708782561475,0.0015198560332689958,0.002073213996616354,0.0018209907810758789,0.0008825552570442186
1123060,11680600,강남구,대치1동,0.0002947101070728891,4.150712366009817e-05,0.0004941863175659926,0.0015172732195822066,0.004956438050856043,0.0016612804838479409
1123079,11680610,강남구,대치2동,0.001319032388947757,0.00040815338265763195,0.0009021231363115052,0.003149749237545116,0.00045334819167257626,0.0005840439201027917
1123063,11680630,강남구,대치4동,0.0027649538517741192,0.0016187778227438284,0.0012144861860937835,0.0013113045800530719,0.0009117617262688684,0.0008760658801541876
1123064,11680640,강남구,역삼1동,0.008970750533522507,0.003009266465357117,0.0036061614777103323,0.0023524935078422997,0.0008535102826461352,0.0003634051058417371
1123065,11680650,강남구,역삼2동,0.0033748400455777365,0.0015634349911970308,0.0015734705865898346,0.002190162291942219,0.0008003241819471178,0.00038287323651183013
1123066,11680655,강남구,도곡1동,0.0013819652763956136,0.00045657836026107983,0.0007436105438846774,0.0019161192715517598,0.0007471380812481005,0.0004153201209619852
1123067,11680656,강남구,도곡2동,0.00109799980864309,0.00021445347224384052,0.0013077288875213292,0.0029263256285643594,0.0002836592037280924,0.0007008527041233501
1123068,11680660,강남구,개포1동,0.00035099155113194774,0.0004323658714593559,0.00020280287560491204,0.0009608960683117685,0.0007243440380913788,0.002277771288400888
1123080,11680670,강남구,개포2동,0.0008723623829154095,0.00046003728723275467,0.0006223950320288679,0.002149143113730908,0.0011219734576030796,0.0005840439201027917
1123071,11680690,강남구,개포4동,0.001832216828868083,0.0017017920700640248,0.0008741503258832415,0.002136051886642192,0.0008611082970317091,0.0009085127646043427
1123076,11680700,강남구,세곡동,0.003240276229327442,0.004482769355290602,0.0012331347263792927,0.004053043906666533,0.0009902745415864653,0.0004672351360822334
1123072,11680720,강남구,일원본동,0.0007587761958144001,0.0002870909386490123,0.00037297080571018306,0.001993793885611476,0.0006838212947016512,0.001739153006528313
1123073,11680730,강남구,일원1동,0.0017733771373517942,0.004161089146924841,0.0007133066659207251,0.0020134307262445503,0.0008104548677945497,0.004334903762540721
1123074,11680740,강남구,일원2동,0.0023581925060745584,0.002355529267710571,0.002356709278581219,0.002035685812295368,0.0012359436733866882,0.0049384158133136055
1123075,11680750,강남구,수서동,0.0019212438403796849,0.008924031586921106,0.000517496992922879,0.0027365028357779746,0.0008509776111842772,0.005165544004464691
1124051,11710510,송파구,풍납1동,0.001231028676419047,0.001445831474160086,0.0030210635262524826,0.0018266625531121992,0.0012156823016918246,0.0035561785357369987
1124052,11710520,송파구,풍납2동,0.002203162710166424,0.0014735028899334848,0.0008858056635616847,0.0024515504594802523,0.0013625772464795868,0.00401043491803917
1124053,11710531,송파구,거여1동,0.0011200007367752677,0.00147004396296181,0.00044290283178084235,0.0015107276060378485,0.0014588187620301893,0.004302456878090566
1124054,11710532,송파구,거여2동,0.0016766753834685027,0.002103027598778307,0.0004592203045306629,0.002213726500701908,0.0006179718366933441,0.005801502939687731
1124055,11710540,송파구,마천1동,0.001876730334623884,0.003974307090454399,0.001028000783238692,0.002615627172325495,0.001651301793131395,0.0009734065335046529
1124056,11710550,송파구,마천2동,0.0018572876539489365,0.003666462589975338,0.0009650619597750986,0.002625227405523887,0.0011143754432175058,0.0032966034601357576
1124057,11710561,송파구,방이1동,0.0009675291883243632,0.0007367514449667424,0.0004801999123518607,0.0014487624644845918,0.0003241819471178199,0.003393944113486223
1124058,11710562,송파구,방이2동,0.00476192181688781,0.002300186436163773,0.0022424869693324755,0.002316274446230185,8.104548677945497e-05,0.007423847162195486
1124059,11710566,송파구,오륜동,0.0003607128914694215,3.1130342745073624e-05,0.00026341063153281676,0.001792625362681537,0.0012308783304629724,0.00369245545042765
1124060,11710570,송파구,오금동,0.002431358383351335,0.003417419848014749,0.001321715292735461,0.004177846938245627,0.0009522844696585958,0.002783942685823307
1124061,11710580,송파구,송파1동,0.003271486848305647,0.0015530582102820064,0.001617760869767919,0.002237290709461597,0.0022566102725154495,0.005042245843554102
1124062,11710590,송파구,송파2동,0.0009245506310429002,0.0009131567205221597,0.0007482726789560547,0.0019126282776614355,0.00021780974571978523,0.0019013874287790887
1124063,11710600,송파구,석촌동,0.004683639444696574,0.0025941952287561352,0.0027459975570412226,0.0029328712421087173,0.0005141323067571675,0.00471128762216252
1124064,11710610,송파구,삼전동,0.004460048616934677,0.002895121875291847,0.0018322190830512741,0.002685883424368272,0.0013651099179414446,0.0003698944827317681
1124065,11710620,송파구,가락본동,0.0024108924036934953,0.0019058687613928407,0.0015291803034117504,0.0026103906814900087,0.0015778543207375139,0.0012005347246557385
1124066,11710631,송파구,가락1동,0.0008703157849496256,0.0002594195228756135,0.0006760095853497067,0.002331983918736644,0.0004178907912065647,0.000674895196563226
1124067,11710632,송파구,가락2동,0.0017539344566768467,0.0013697350807832394,0.0010000279728104283,0.0028992704259143457,0.0012916624455475635,0.0007852146036937533
1124068,11710641,송파구,문정1동,0.0015369950723037478,0.0009788763329839818,0.0008555017855977323,0.002055322652928442,0.0008535102826461352,0.0003958519902918922
1124069,11710642,송파구,문정2동,0.00462172985623161,0.000294008792592362,0.001086277471630908,0.0024567869503157387,0.004414446358018438,0.00017521317603083752
1124081,11710646,송파구,장지동,0.001875195386149546,0.0032859806230911047,0.0009650619597750986,0.0028115592044199475,0.0024845507040826666,0.0007268102116834742
1124082,11710647,송파구,위례동,0.0010545096018701812,0.0019715883738546628,0.0010163454455602487,0.0018083348351879967,0.004401783000709148,0.0011875559708756766
1124071,11710650,송파구,잠실본동,0.0047849460440028795,0.0025872773748127856,0.0023403918058313984,0.0024803511590754277,0.003234221456792625,0.0012784072473361109
1124079,11710670,송파구,잠실2동,0.0008457566093602181,9.339102823522087e-05,0.0008485085829906664,0.0022320542186261105,0.003234221456792625,0.000642448312113071
1124080,11710680,송파구,잠실3동,0.0009322253734145901,0.00015219278675369328,0.0010489803910598897,0.0035433587986791826,0.003211427413635903,0.00101883217173487
1124075,11710690,송파구,잠실4동,0.0005336504195781655,8.993210126354602e-05,0.00044756496685221966,0.0017764795159387872,0.001322054503089859,0.0006684058196731949
1124077,11710710,송파구,잠실6동,0.0005009048521256223,8.301424732019633e-05,0.0006760095853497067,0.001806152964006544,0.0026415763347178603,0.0015120248153772274
1124078,11710720,송파구,잠실7동,0.0002742441274150496,2.4212488801723928e-05,0.00025175529385437355,0.0012519576839175584,0.003700233005774491,0.0008306402419239704
1125051,11740515,강동구,강일동,0.001782586828197822,0.004956642350410056,0.0011608716327729447,0.004106281563493979,0.002292067672981461,0.0010837259406351802
1125052,11740520,강동구,상일동,0.0023581925060745584,0.002355529267710571,0.002356709278581219,0.0030816748566837916,0.0035457400466011547,0.0009344702721644668
1125053,11740530,강동구,명일1동,0.0013144275435247432,0.001037678091502454,0.0004732067097447947,0.0026038450679456504,0.0021629014284267043,0.001641812353177848
1125054,11740540,강동구,명일2동,0.0008902701151160191,0.00042890694448768105,0.00023543782110455305,0.0017162598713306926,0.004936176679161179,0.0003634051058417371
1125055,11740550,강동구,고덕1동,0.0007019831022638955,0.000812847838343589,0.0006666853152069522,0.0019505928362187125,0.0037255597203930705,0.0017780892678684994
1125056,11740560,강동구,고덕2동,0.0012120976452355454,0.0015772706990837303,0.0007879008270627616,0.001971975173796949,0.0022262182149731537,0.000661916442783164
1125072,11740570,강동구,암사1동,0.0033799565404921965,0.004673010338732718,0.0016806996932315123,0.003891585439239033,0.004034545638739743,0.0002076600604809926
1125058,11740580,강동구,암사2동,0.0010575794988188572,0.000498085483921178,0.0003123630497822783,0.0015137822256918823,0.0,4.5425638230217136e-05
1125059,11740590,강동구,암사3동,0.0005612794921162488,0.0003562694780825092,0.0003426669277462307,0.0016892046686806793,0.0,0.0015250035691572895
1125061,11740600,강동구,천호1동,0.002979846638181434,0.004313281933678534,0.0014056337240202523,0.0033334627910234327,0.0,0.001005853417954808
1125073,11740610,강동구,천호2동,0.004626846351146069,0.005222979727229019,0.0032704877525711676,0.0038051833404535063,0.0,0.003075964645874703
1125063,11740620,강동구,천호3동,0.004038449435983183,0.003863621427360804,0.0022168452264399005,0.0030022547456789134,0.0,0.00022063881426105466
1125065,11740640,강동구,성내1동,0.0013742905340239236,0.000812847838343589,0.0008205357725624027,0.001986375523594537,0.0,0.0004737245129722644
1125066,11740650,강동구,성내2동,0.0035974075743567414,0.0026633737681896323,0.0029767732430743985,0.0027997771000401028,0.0,0.0011875559708756766
1125067,11740660,강동구,성내3동,0.0022732586904945246,0.0017951830982992456,0.0011025949443807285,0.00248209665602059,0.0,0.001680748614518034
1125074,11740685,강동구,길동,0.005074539656161309,0.0042925283718484855,0.0018298880155155856,0.005211617504017916,0.0,0.00021414943737102363
1125070,11740690,강동구,둔촌1동,1.3302886777595688e-05,3.458926971674847e-06,0.0023333986032243324,2.2691460287108064e-05,0.0,0.0011031940713052734
1125071,11740700,강동구,둔촌2동,0.0017641674465057665,0.001428536839301712,0.0009137784739899484,0.0027225388602166774,0.0,0.000330958221391582
