시군구명,행정동명,전체세대,1인세대,기초생활수급자,외국인,행정구역코드,행정동코드,총인구수,노령층인구,노령층비율,장애인인구,장애인비율,차상위인구,차상위비율,cluster,1인세대비율,기초생활수급자비율,외국인비율
종로구,청운효자동,5129.0,1952.0,162.0,229.0,1101072,11110515,12024,2915,0.0012720308987869233,228.0,0.0005774490933036166,1,6.489376890031019e-06,1,0.0009987398073025686,0.0005603461694113252,0.0005338144656726995
종로구,사직동,4570.0,2317.0,112.0,404.0,1101053,11110530,9371,2472,0.0010787171121102142,432.0,0.0010941140715226422,74,0.0004802138898622954,1,0.001185491871680354,0.00038739982082758285,0.0009417512844182122
종로구,삼청동,1148.0,563.0,38.0,87.0,1101054,11110540,2498,834,0.00036393611306631015,542.0,0.0013727079323270185,65,0.00042180949785201627,1,0.00028805866368409124,0.00013143922492364418,0.00020280287560491204
종로구,부암동,4144.0,1642.0,135.0,379.0,1101055,11110550,9703,2535,0.0011062086889965183,587.0,0.001486678148110627,182,0.0011810665939856455,1,0.0008401284649543122,0.00046695514117610435,0.0008834745960259961
종로구,평창동,7270.0,2321.0,107.0,430.0,1101056,11110560,18204,4877,0.002128197150388962,505.0,0.0012789990882382737,172,0.0011161728250853353,1,0.001187538469646138,0.00037010518596920864,0.0010023590403461168
종로구,무악동,3017.0,701.0,154.0,96.0,1101057,11110570,8318,1962,0.0008561662516020389,285.0,0.0007218113666295208,187,0.0012135134784358006,1,0.00035866629350363757,0.0005326747536379265,0.00022378248342610983
종로구,교남동,4386.0,1641.0,172.0,326.0,1101058,11110580,10167,2274,0.0009923150133246874,621.0,0.001572788977813798,10,6.489376890031019e-05,1,0.0008396168154628662,0.0005949354391280737,0.0007599280166344979
종로구,가회동,1931.0,917.0,61.0,154.0,1101060,11110600,4210,1210,0.000528012825911553,384.0,0.0009725458413534597,68,0.0004412776285221093,1,0.000469182583655971,0.00021099454527216566,0.00035898440049605116
종로구,종로1·2·3·4가동,4926.0,3932.0,771.0,811.0,1101061,11110615,7226,2705,0.0011803923091659098,425.0,0.0010763853712896362,258,0.001674259237628003,1,0.0020118058003656247,0.002666832695161307,0.0018904957714434903
종로구,종로5·6가동,3511.0,2514.0,276.0,587.0,1101063,11110630,5150,1501,0.0006549977286721001,497.0,0.00125873771654341,50,0.00032446884450155095,1,0.0012862868214952139,0.0009546638441822578,0.001368336643449234
종로구,이화동,4301.0,2762.0,228.0,673.0,1101064,11110640,7347,1839,0.0008024922205383025,304.0,0.0007699321244048222,35,0.00022712819115108568,1,0.0014131758953738187,0.0007886353495418652,0.0015688084515184575
종로구,혜화동,9195.0,5679.0,295.0,3222.0,1101073,11110650,16489,3592,0.0015674562567556186,2571.0,0.006511498328436835,170,0.0011031940713052734,1,0.002905657461921766,0.00102038345664408,0.007510699599988811
종로구,창신1동,2706.0,1623.0,430.0,1176.0,1101067,11110670,4966,1816,0.0007924556131036201,2173.0,0.005503495086617364,993,0.006443951251800802,1,0.0008304071246168385,0.0014873385978201841,0.0027413354219698455
종로구,창신2동,3995.0,1996.0,407.0,1786.0,1101068,11110680,8057,2525,0.0011018449466336127,413.0,0.0010459933137473407,485,0.0031473477916650443,1,0.001021252384926192,0.0014077832774716627,0.004163286618739918
종로구,창신3동,2777.0,944.0,175.0,279.0,1101069,11110690,6708,1816,0.0007924556131036201,489.0,0.0012384763448485463,67,0.00043478825163207826,1,0.00048299711992501267,0.0006053122200430982,0.0006503678424571316
종로구,숭인1동,2970.0,1485.0,240.0,486.0,1101070,11110700,5942,1678,0.0007322359684955257,799.0,0.002023604498024516,50,0.00032446884450155095,1,0.0007597994947972921,0.0008301424732019633,0.0011328988223446809
종로구,숭인2동,6548.0,4691.0,440.0,884.0,1101071,11110710,9649,2405,0.001049480038278748,637.0,0.0016133117212035254,240,0.0015574504536074445,1,0.0024001477643731295,0.0015219278675369327,0.0020606637015487613
중구,소공동,1286.0,775.0,49.0,521.0,1102052,11140520,2209,387,0.00016887682944443887,1084.0,0.002745415864654037,127,0.0008241508650339394,2,0.0003965283558706407,0.0001694874216120675,0.0012144861860937835
중구,회현동,2561.0,1541.0,443.0,607.0,1102054,11140540,4852,1839,0.0008024922205383025,1181.0,0.00299108499645426,491,0.0031862840530052306,2,0.0007884518663182675,0.0015323046484519572,0.0014149579941630068
중구,명동,1457.0,1020.0,81.0,614.0,1102055,11140550,2847,975,0.0004254648803832762,718.0,0.0018184581096140208,293,0.0019013874287790887,2,0.0005218824812749077,0.0002801730847056626,0.0014312754669128275
중구,필동,2431.0,1604.0,94.0,937.0,1102057,11140570,4057,1218,0.0005315038198018773,563.0,0.001425894033026036,91,0.0005905332969928228,2,0.0008206857842793647,0.0003251391353374356,0.0021842102809402596
중구,장충동,2829.0,1911.0,126.0,1084.0,1102058,11140580,4560,1107,0.00048306627957362747,1518.0,0.0038445952791003953,100,0.0006489376890031019,2,0.000977762178153283,0.00043582479843103073,0.0025268772086864903
중구,광희동,3424.0,2419.0,195.0,1648.0,1102059,11140590,5197,1558,0.0006798710601406609,749.0,0.0018969709249316178,1,6.489376890031019e-06,2,0.001237680119807845,0.0006744907594765951,0.0038415992988148854
중구,을지로동,1297.0,1065.0,146.0,230.0,1102060,11140605,1709,649,0.00028320687935256026,766.0,0.0019400263397832034,1205,0.007819699152487378,2,0.0005449067083899772,0.0005050033378645277,0.0005361455332083882
중구,신당동,4808.0,3190.0,366.0,2321.0,1102069,11140615,7588,2002,0.0008736212210536605,2005.0,0.005078006281025225,440,0.0028553258316136483,2,0.0016321618777127016,0.001265967271632994,0.005410407750333343
중구,다산동,6821.0,3276.0,386.0,822.0,1102070,11140625,13972,3854,0.00168178630666374,1821.0,0.004611994732043359,758,0.004918947682643513,2,0.0016761637339770567,0.001335145811066491,0.0019161375143360653
중구,약수동,7779.0,3128.0,734.0,454.0,1102071,11140635,16843,5260,0.002295328482888239,941.0,0.002383243845608348,478,0.0031019221534348274,2,0.0016004396092430505,0.0025388523972093378,0.0010583046612026444
중구,청구동,6205.0,2530.0,601.0,387.0,1102072,11140645,13740,3872,0.0016896410429169699,1725.0,0.004368858271704994,112,0.0007268102116834742,2,0.0012944732133583496,0.002078815109976583,0.0009021231363115052
중구,신당5동,5334.0,2735.0,397.0,679.0,1102065,11140650,10364,2556,0.0011153725479586196,885.0,0.0022414142437443014,204,0.001323832885566328,2,0.0013993613591047772,0.0013731940077549142,0.0015827948567325892
중구,동화동,3989.0,1122.0,158.0,349.0,1102073,11140665,10420,2704,0.0011799559349296193,2176.0,0.005511093101002938,569,0.00369245545042765,2,0.0005740707294023985,0.0005465104615246259,0.0008135425699553367
중구,황학동,7199.0,4129.0,439.0,1488.0,1102067,11140670,12553,2837,0.0012379937083562612,552.0,0.0013980346469455983,404,0.002621708263572532,2,0.002112600750180484,0.0015184689405652579,0.003468628493104702
중구,중림동,5719.0,2509.0,515.0,498.0,1102068,11140680,12105,2885,0.001258939671698207,1429.0,0.003619187518995036,374,0.002427026956871601,2,0.0012837285740379839,0.0017813473904125462,0.0011608716327729447
용산구,후암동,8281.0,4167.0,649.0,766.0,1103051,11170510,17128,4246,0.0018528450072896317,1765.0,0.004470165130179313,927,0.006015652377058755,1,0.0021320434308554318,0.0022448436046169757,0.0017855977323375013
용산구,용산2가동,5057.0,2801.0,428.0,1453.0,1103052,11170520,9576,2839,0.0012388664568288423,1337.0,0.0033861817445041027,116,0.0007527677192435983,1,0.0014331302255402123,0.0014804207438768346,0.0033870411293555995
용산구,남영동,5021.0,3850.0,1305.0,691.0,1103053,11170530,7383,2328,0.0010158792220843764,1166.0,0.0029530949245263906,85,0.0005515970356526367,1,0.0019698505420670536,0.004513899698035675,0.001610767667160853
용산구,청파동,11089.0,6875.0,862.0,1042.0,1103071,11170555,19521,4624,0.0020177944686074556,972.0,0.002461756660925945,750,0.004867032667523264,1,0.003517590253691167,0.0029815950495837183,0.002428972372187567
용산구,원효로1동,9212.0,5007.0,299.0,719.0,1103072,11170560,15954,2859,0.001247593941554653,1360.0,0.0034444331881268364,819,0.005314799672935405,1,0.002561829003670062,0.0010342191645307793,0.001676037558160135
용산구,원효로2동,6094.0,2392.0,342.0,233.0,1103057,11170570,13883,3287,0.001434362114687004,2020.0,0.005115996352953095,520,0.00337447598281613,1,0.0012238655835388032,0.0011829530243127977,0.000543138735815454
용산구,효창동,4694.0,1718.0,89.0,218.0,1103058,11170580,10150,2116,0.0009233678839907821,1288.0,0.0032620808428730627,3,1.9468130670093056e-05,1,0.0008790138263042073,0.0003078445004790614,0.0005081727227801244
용산구,용문동,5320.0,2110.0,339.0,220.0,1103059,11170590,12010,2976,0.001298649727200646,1418.0,0.003591328132914598,628,0.00407532868693948,1,0.0010795804269510345,0.0011725762433977731,0.0005128348578515016
용산구,한강로동,11388.0,6133.0,330.0,2093.0,1103073,11170625,21694,4676,0.0020404859288945636,1432.0,0.00362678553338061,557,0.0036145829277472777,1,0.003137946331038244,0.0011414459006526996,0.004878924352196332
용산구,이촌1동,9152.0,1859.0,48.0,1343.0,1103063,11170630,27615,6247,0.0027260298541070017,1534.0,0.0038851180224901225,815,0.0052888421653752805,1,0.0009511564045980917,0.00016602849464039267,0.003130623700429849
용산구,이촌2동,3598.0,1296.0,122.0,191.0,1103064,11170640,8454,2527,0.0011027176951061938,1293.0,0.0032747442001823525,1035,0.006716505081182105,1,0.0006630977409140004,0.0004219890905443313,0.000445233899316531
용산구,이태원1동,3467.0,1986.0,201.0,1987.0,1103065,11170650,6506,1929,0.0008417659018044511,1116.0,0.002826461351433492,2,1.2978753780062038e-05,1,0.001016135890011732,0.0006952443213066443,0.004631831193413335
용산구,이태원2동,4837.0,2678.0,199.0,1721.0,1103066,11170660,9058,2465,0.0010756624924561805,1094.0,0.002770742579272617,3,1.9468130670093056e-05,1,0.0013701973380923558,0.0006883264673632945,0.0040117672289201566
용산구,한남동,10394.0,5557.0,466.0,2969.0,1103074,11170685,20624,5198,0.0022682732802382253,1003.0,0.0025402694762435415,8,5.191501512024815e-05,1,0.0028432362239653552,0.0016118599688004786,0.006920939513459584
용산구,서빙고동,5129.0,1713.0,230.0,801.0,1103069,11170690,13082,2958,0.0012907949909474164,1821.0,0.004611994732043359,478,0.0031019221534348274,1,0.0008764555788469775,0.0007955532034852148,0.0018671850960866039
용산구,보광동,7072.0,3863.0,781.0,1832.0,1103070,11170700,13740,3832,0.0016721860734653482,821.0,0.0020793232701853915,847,0.005496502225856273,1,0.0019765019854558518,0.0027014219648780553,0.004270515725381596
성동구,왕십리2동,7396.0,2978.0,402.0,674.0,1104052,11200520,16630,3712,0.0016198211651104835,2451.0,0.006207577753013879,809,0.005249905904035094,2,0.0015236921855261523,0.0013904886426132886,0.001571139519054146
성동구,왕십리도선동,12091.0,5007.0,717.0,935.0,1104071,11200535,26596,5504,0.0024018037965431306,1691.0,0.004282747442001823,727,0.004717776999052551,2,0.002561829003670062,0.0024800506386908655,0.002179548145868882
성동구,마장동,10905.0,5246.0,574.0,1138.0,1104054,11200540,22524,5626,0.0024550414533705766,1095.0,0.002773275250734475,792,0.005139586496904568,2,0.002684113232125653,0.0019854240817413623,0.002652754855613677
성동구,사근동,8148.0,6093.0,194.0,2090.0,1104055,11200550,12017,2087,0.0009107130311383564,736.0,0.0018640461959274642,767,0.004977352074653792,2,0.0031174803513804045,0.0006710318325049204,0.004871931149589266
성동구,행당1동,6441.0,2803.0,320.0,536.0,1104056,11200560,13915,3104,0.0013545056294458353,732.0,0.0018539155100800325,633,0.004107775571389635,2,0.0014341535245231043,0.001106856630935951,0.0012494521991291132
성동구,행당2동,9246.0,2469.0,620.0,230.0,1104057,11200570,23617,5412,0.0023616573668044007,3861.0,0.009778644514233614,3,1.9468130670093056e-05,2,0.0012632625943801443,0.002144534722438405,0.0005361455332083882
성동구,응봉동,5930.0,1586.0,171.0,155.0,1104058,11200580,15589,3512,0.0015325463178523754,1491.0,0.00377621314963023,2,1.2978753780062038e-05,2,0.0008114760934333369,0.0005914765121563988,0.0003613154680317398
성동구,금호1가동,6533.0,2214.0,595.0,226.0,1104059,11200590,15520,3838,0.0016748043188830914,1767.0,0.004475230473103029,672,0.004360861270100845,2,0.0011327919740614174,0.002058061548146534,0.0005268212630656335
성동구,금호2·3가동,9943.0,3587.0,546.0,439.0,1104072,11200615,22880,5521,0.00240922215856007,1628.0,0.004123189139904771,1128,0.007320017131954989,2,0.001835286725816759,0.0018885741265344666,0.0010233386481673147
성동구,금호4가동,6298.0,2239.0,350.0,414.0,1104062,11200620,14435,3368,0.0014697084278265378,2042.0,0.00517171512511397,212,0.001375747900686576,2,0.001145583211347567,0.0012106244400861964,0.0009650619597750986
성동구,옥수동,10762.0,3195.0,375.0,769.0,1104073,11200645,26245,5926,0.002585953724257738,1114.0,0.002821396008509776,643,0.004172669340289945,2,0.0016347201251699316,0.0012970976143780676,0.0017925909349445672
성동구,성수1가1동,7636.0,3284.0,382.0,610.0,1104065,11200650,16750,3651,0.0015932023366967605,1245.0,0.00315317597001317,633,0.004107775571389635,2,0.0016802569299086245,0.0013213101031797916,0.0014219511967700727
성동구,성수1가2동,5935.0,2733.0,206.0,526.0,1104066,11200660,12904,2943,0.0012842493774030584,1420.0,0.0035963934758383143,1048,0.006800866980752508,2,0.0013983380601218852,0.0007125389561650184,0.0012261415237722268
성동구,성수2가1동,7925.0,4004.0,640.0,1006.0,1104067,11200670,16135,4445,0.001939683480311449,2125.0,0.005381926856448182,143,0.0009279808952744358,2,0.0020486445637497358,0.002213713261871902,0.002345053940902776
성동구,성수2가3동,5332.0,2796.0,214.0,418.0,1104068,11200690,11045,2803,0.001223156984322383,795.0,0.0020134738121770843,266,0.0017261742527482512,2,0.0014305719780829823,0.0007402103719384173,0.0009743862299178531
성동구,송정동,5458.0,2981.0,566.0,736.0,1104069,11200720,10613,2770,0.001208756634524795,848.0,0.0021477053996555567,1098,0.0071253358252540595,2,0.0015252271340004903,0.0019577526659679636,0.001715665706266842
성동구,용답동,7326.0,4939.0,728.0,1545.0,1104070,11200790,11747,3103,0.0013540692552095447,959.0,0.0024288319319217913,882,0.005723630417007359,2,0.002527036838251735,0.0025180988353792886,0.0036014993426389547
광진구,화양동,18185.0,14951.0,616.0,3739.0,1105053,11215710,22910,3210,0.0014007612984926325,960.0,0.002431364603383649,710,0.004607457591922023,1,0.007649671546608967,0.002130699014551706,0.00871586151593984
광진구,군자동,11400.0,7019.0,714.0,2740.0,1105054,11215730,19812,4384,0.001913064651897726,1073.0,0.0027175564785735995,527,0.003419901621046347,1,0.00359126778045939,0.0024696738577758407,0.006387125047786884
광진구,중곡1동,8504.0,4698.0,700.0,710.0,1105055,11215740,15555,3741,0.001632476017962909,465.0,0.001177692229763955,549,0.0035626679126270298,1,0.0024037293108132517,0.002421248880172393,0.0016550579503389372
광진구,중곡2동,10656.0,5132.0,649.0,698.0,1105056,11215750,21649,4978,0.0021722709482543067,1584.0,0.004011751595583021,162,0.0010512790561850252,1,0.0026257851901008104,0.0022448436046169757,0.0016270851399106734
광진구,중곡3동,8513.0,4365.0,833.0,519.0,1105057,11215760,16327,4252,0.001855463252707375,723.0,0.0018311214669233108,351,0.002277771288400888,1,0.0022333500301617375,0.0028812861674051477,0.0012098240510224063
광진구,중곡4동,13122.0,5336.0,1085.0,717.0,1105058,11215770,28912,7690,0.0033557178770742503,570.0,0.0014436227332590417,847,0.005496502225856273,1,0.0027301616863557917,0.003752935764267209,0.0016713754230887577
광진구,능동,6406.0,3773.0,274.0,471.0,1105059,11215780,11428,2351,0.0010259158295190588,720.0,0.0018235234525377367,604,0.003919583641578735,1,0.0019304535312257127,0.0009477459902389081,0.0010979328093093513
광진구,광장동,11814.0,2263.0,202.0,370.0,1105063,11215810,35017,5553,0.002423186134121367,1394.0,0.003530544017830007,285,0.0018494724136588405,1,0.0011578627991422708,0.0006987032482783191,0.0008624949882047983
광진구,자양1동,11913.0,6559.0,941.0,1814.0,1105064,11215820,22522,5132,0.00223947258064305,1144.0,0.0028973761523655153,557,0.0036145829277472777,1,0.003355909014394235,0.003254850280346031,0.0042285565097392
광진구,자양2동,10887.0,4298.0,633.0,763.0,1105065,11215830,25136,6087,0.0026562099763005153,1558.0,0.003945902137574714,413,0.002680112655582811,1,0.002199069514234856,0.0021895007730701782,0.0017786045297304353
광진구,자양3동,11009.0,3197.0,280.0,632.0,1105066,11215840,28380,6271,0.0027365028357779746,853.0,0.0021603687569648465,696,0.004516606315461589,1,0.0016357434241528236,0.0009684995520689571,0.001473234682555223
광진구,자양4동,10209.0,5897.0,848.0,5844.0,1105067,11215847,17488,5284,0.002305801464559212,826.0,0.0020919866274946813,1054,0.006839803242092694,1,0.003017197051056991,0.0029331700719802704,0.013622758678564436
광진구,구의1동,13077.0,7478.0,706.0,1167.0,1105060,11215850,21824,4547,0.001984193652413084,1442.0,0.0036521122479991897,157,0.00101883217173487,1,0.0038261148970330982,0.002442002442002442,0.0027203558141486476
광진구,구의2동,11517.0,4366.0,776.0,848.0,1105061,11215860,26619,6361,0.002775776517044123,560.0,0.0014182960186404619,831,0.005392672195615777,1,0.0022338616796531833,0.0026841273300196814,0.0019767452702639703
광진구,구의3동,12079.0,4314.0,401.0,621.0,1105062,11215870,28902,6158,0.0026871925470771437,923.0,0.0023376557592949044,298,0.0019338343132292437,1,0.002207255906097992,0.0013870297156416136,0.001447592939662648
동대문구,용신동,20172.0,12368.0,1442.0,2403.0,1106081,11230536,31009,8003,0.0034923030130331895,830.0,0.0021021173133421132,126,0.0008176614881439084,2,0.00632808091020398,0.004987772693155129,0.005601555288259811
동대문구,제기동,13450.0,7697.0,1307.0,2789.0,1106082,11230545,24625,7872,0.0034351379880791285,1688.0,0.0042751494276162495,271,0.0017586211371984062,2,0.00393816613565977,0.004520817551979025,0.006501347357035628
동대문구,전농1동,14752.0,7461.0,1479.0,926.0,1106083,11230560,29459,7914,0.003453465706003331,913.0,0.0023123290446763244,719,0.004665861983932303,2,0.0038174168556785164,0.005115752991107099,0.002158568538047684
동대문구,전농2동,7557.0,2337.0,593.0,627.0,1106084,11230570,18819,5193,0.002266091409056773,728.0,0.0018437848242326006,477,0.0030954327765447963,2,0.0011957248615092739,0.002051143694203184,0.0014615793448767799
동대문구,답십리1동,12852.0,5324.0,656.0,730.0,1106091,11230600,29103,6018,0.002626100153996468,597.0,0.0015120048627292068,548,0.0035561785357369987,2,0.00272402189245844,0.0022690560934186996,0.00170167930105271
동대문구,답십리2동,12521.0,4695.0,1006.0,590.0,1106086,11230610,28748,7890,0.003442992724332358,1011.0,0.0025605308479384054,377,0.0024464950875416943,2,0.0024021943623389135,0.0034796805335048963,0.0013753298460563
동대문구,장안1동,18514.0,8461.0,1170.0,1081.0,1106087,11230650,38328,9506,0.00414817349017787,659.0,0.0016690304933644007,344,0.0022323456501706705,2,0.004329066347124504,0.004046944556859571,0.0025198840060794243
동대문구,장안2동,14127.0,5198.0,956.0,729.0,1106088,11230660,32561,7546,0.0032928799870484125,1111.0,0.002813797994124202,510,0.0033095822139158197,2,0.0026595540565362455,0.003306734184921154,0.0016993482335170215
동대문구,청량리동,9704.0,4882.0,1481.0,965.0,1106080,11230705,19050,7266,0.0031706952008870616,739.0,0.0018716442103130383,175,0.0011356409557554284,2,0.0024978728172393135,0.005122670845050448,0.0022494801719395415
동대문구,회기동,6719.0,4705.0,288.0,2693.0,1106071,11230710,10416,2058,0.0008980581782859307,838.0,0.002122378685036977,429,0.002783942685823307,2,0.0024073108572533735,0.000996170967842356,0.006277564873609518
동대문구,휘경1동,7783.0,4663.0,302.0,2620.0,1106072,11230720,13686,2944,0.0012846857516393489,1149.0,0.002910039509674805,323,0.0020960687354800193,2,0.002385821578612642,0.0010445959454458038,0.006107396943504247
동대문구,휘경2동,12231.0,6470.0,527.0,1117.0,1106073,11230730,24114,5627,0.002455477827606867,809.0,0.0020489312126430958,615,0.0039909667873690765,2,0.0033103722096555423,0.0018228545140726443,0.0026038024373642153
동대문구,이문1동,10767.0,6956.0,575.0,3741.0,1106089,11230740,18002,4385,0.0019135010261340166,793.0,0.0020084084692533685,317,0.002057132474139833,2,0.0035590338624982925,0.001988883008713037,0.008720523651011216
동대문구,이문2동,8724.0,3330.0,726.0,755.0,1106090,11230750,20120,5399,0.002355984501732624,381.0,0.0009649478269678857,219,0.001421173538916793,2,0.00170379280651514,0.002511180981435939,0.0017599559894449263
중랑구,면목2동,12222.0,5946.0,1300.0,709.0,1107052,11260520,24350,6689,0.00291890726654742,920.0,0.0023300577449093304,196,0.0012719178704460798,2,0.0030422678761378445,0.004496605063177301,0.0016527268828032487
중랑구,면목4동,8931.0,3888.0,1282.0,627.0,1107054,11260540,19191,5428,0.0023686393545850498,970.0,0.0024566913180022287,297,0.0019273449363392127,2,0.001989293222742001,0.004434344377687154,0.0014615793448767799
중랑구,면목5동,6451.0,2209.0,535.0,261.0,1107055,11260550,14693,3313,0.001445707844830558,841.0,0.0021299766994225507,185,0.0012005347246557385,2,0.0011302337266041874,0.0018505259298460433,0.000608408626814736
중랑구,면목본동,17740.0,9164.0,1891.0,1496.0,1107071,11260565,34053,8917,0.0038911490650027428,893.0,0.0022616756154391652,332,0.0021544731274902983,2,0.004688755939611034,0.006540830903437136,0.003487277033390211
중랑구,면목7동,10552.0,4686.0,902.0,623.0,1107057,11260570,22045,6294,0.0027465394432126568,693.0,0.0017551413230675716,162,0.0010512790561850252,2,0.0023975895169158997,0.003119952128450712,0.0014522550747340251
중랑구,면목3·8동,12626.0,6207.0,1438.0,787.0,1107072,11260575,25206,7350,0.0032073506367354667,898.0,0.002274338972748455,389,0.0025243676102220665,2,0.003175808393405247,0.00497393698526843,0.0018345501505869627
중랑구,상봉1동,10151.0,3413.0,1165.0,337.0,1107059,11260580,24531,5836,0.00254668004299159,760.0,0.0019248303110120555,577,0.003744370465547898,2,0.001746259714305157,0.0040296499220011965,0.000785569759527073
중랑구,상봉2동,12336.0,7717.0,873.0,664.0,1107060,11260590,20237,4463,0.0019475382165646787,1343.0,0.003401377773275251,273,0.0017715998909784683,2,0.003948399125488689,0.0030196432462721414,0.0015478288436972596
중랑구,중화1동,8991.0,3611.0,762.0,375.0,1107061,11260600,19987,5374,0.0023450751458253603,536.0,0.0013575119035558708,354,0.002297239419070981,2,0.0018475663136114627,0.0026357023524162335,0.0008741503258832415
중랑구,중화2동,13623.0,7454.0,1932.0,999.0,1107062,11260610,25075,7410,0.0032335330909128994,547.0,0.0013853712896363085,157,0.00101883217173487,2,0.0038138353092383942,0.006682646909275804,0.0023287364681529553
중랑구,묵1동,14995.0,5609.0,873.0,432.0,1107064,11260620,34899,8590,0.003748454689735736,1670.0,0.004229561341302806,600,0.0038936261340186116,2,0.0028698419975205468,0.0030196432462721414,0.0010070211754174942
중랑구,묵2동,9256.0,4270.0,829.0,489.0,1107065,11260630,19078,5186,0.002263036789402739,1438.0,0.0036419815621517577,414,0.002686602032472842,2,0.0021847433284743686,0.002867450459518448,0.0011398920249517468
중랑구,망우본동,17585.0,8253.0,1739.0,685.0,1107073,11260655,30145,9027,0.003939150230994702,1060.0,0.002684631749569446,210,0.001362769146906514,2,0.004222643252903739,0.006015074003742559,0.001596781261946721
중랑구,망우3동,8208.0,3948.0,1411.0,637.0,1107068,11260660,16672,4938,0.002154815978802685,1148.0,0.002907506838212947,345,0.0022388350270607016,2,0.0020199921922287607,0.004880545957033209,0.0014848900202336663
중랑구,신내1동,14788.0,3924.0,1258.0,385.0,1107069,11260680,38974,10056,0.004388179320137667,1328.0,0.003363387701347381,469,0.003043517761424548,2,0.0020077126044340567,0.004351330130366957,0.0008974610012401279
중랑구,신내2동,8958.0,3193.0,1049.0,192.0,1107070,11260690,20836,5875,0.002563698638206921,519.0,0.0013144564887042852,567,0.003679476696647588,2,0.0016336968261870396,0.0036284143932869147,0.00044756496685221966
성북구,성북동,8164.0,4043.0,305.0,648.0,1108081,11290525,16698,4259,0.0018585178723614087,1458.0,0.003692634991388917,691,0.004484159431011435,2,0.0020685988939161295,0.0010549727263608284,0.0015105317631262413
성북구,삼선동,11471.0,5920.0,674.0,813.0,1108082,11290555,23006,5520,0.002408785784323779,910.0,0.0023047310302907508,748,0.004854053913743202,2,0.003028964989360249,0.002331316778908847,0.0018951579065148675
성북구,동선동,9573.0,6537.0,380.0,885.0,1108083,11290575,15506,3105,0.0013549420036821258,1184.0,0.002998683010839834,182,0.0011810665939856455,2,0.0033446527255824236,0.001314392249236442,0.00206299476908445
성북구,돈암1동,6043.0,1872.0,463.0,203.0,1108058,11290580,14858,4100,0.0017891343687912128,1101.0,0.0027884712795056225,134,0.0008695765032641565,2,0.0009578078479868894,0.0016014831878854543,0.0004732067097447947
성북구,돈암2동,8512.0,1745.0,279.0,257.0,1108059,11290590,24220,5101,0.002225944979318043,1268.0,0.003211427413635903,788,0.0051136289893444434,2,0.000892828362573249,0.0009650406250972823,0.0005990843566719815
성북구,안암동,9723.0,6870.0,359.0,2346.0,1108060,11290600,14925,2939,0.0012825038804578962,945.0,0.0023933745314557798,389,0.0025243676102220665,2,0.0035150320062339374,0.0012417547828312702,0.005468684438725559
성북구,보문동,8114.0,3910.0,380.0,639.0,1108061,11290610,15479,3517,0.0015347281890338283,1089.0,0.0027580792219633267,412,0.0026736232786927798,2,0.002000549511553813,0.001314392249236442,0.0014895521553050435
성북구,정릉1동,7374.0,2342.0,315.0,292.0,1108062,11290620,18375,4361,0.0019030280444630437,2476.0,0.006270894539560329,359,0.002329686303521136,2,0.0011982831089665039,0.0010895619960775767,0.000680671720421084
성북구,정릉2동,9877.0,3431.0,525.0,430.0,1108063,11290630,23222,6290,0.0027447939462674946,0.0,0.0,616,0.003997456164259108,2,0.0017554694051511847,0.0018159366601292947,0.0010023590403461168
성북구,정릉3동,8120.0,4606.0,569.0,1711.0,1108064,11290640,15101,4511,0.0019684841799066247,743.0,0.0018817748961604702,63,0.0004088307440719542,2,0.0023566575576002206,0.001968129446882988,0.0039884565535632695
성북구,정릉4동,10807.0,3937.0,617.0,727.0,1108065,11290650,25095,6767,0.0029529444569780824,1980.0,0.005014689494478777,446,0.0028942620929538346,2,0.002014364047822855,0.0021341579415233808,0.0016946860984456442
성북구,길음1동,12430.0,2553.0,454.0,384.0,1108066,11290660,35672,6302,0.002750030437102981,984.0,0.00249214871846824,273,0.0017715998909784683,2,0.0013062411516616074,0.0015703528451403805,0.0008951299337044393
성북구,길음2동,8601.0,2513.0,400.0,290.0,1108068,11290685,16629,3702,0.001615457422747578,1219.0,0.0030873265120048626,434,0.0028163895702734624,2,0.0012857751720037679,0.0013835707886699388,0.0006760095853497067
성북구,종암동,17153.0,6840.0,1081.0,2155.0,1108084,11290705,39049,9465,0.004130282146489958,818.0,0.0020717252557998175,230,0.0014925566847071344,2,0.003499682521490558,0.0037391000563805096,0.0050234505394090275
성북구,월곡1동,10842.0,3502.0,764.0,476.0,1108071,11290715,26647,6702,0.0029245801316191973,1659.0,0.004201701955222369,1,6.489376890031019e-06,2,0.0017917965190438498,0.002642620206359583,0.0011095881469877944
성북구,월곡2동,9648.0,4808.0,606.0,803.0,1108072,11290725,19568,5121,0.0022346724640438537,1120.0,0.0028365920372809238,652,0.004231073732300225,2,0.0024600107548723104,0.0020961097448349572,0.001871847231157981
성북구,장위1동,10719.0,4086.0,1245.0,463.0,1108076,11290760,24382,5967,0.0026038450679456504,556.0,0.0014081653327930302,114,0.0007397889654635362,2,0.002090599822048307,0.004306364079735185,0.001079284269023842
성북구,장위2동,6635.0,2972.0,754.0,450.0,1108077,11290770,13771,4289,0.0018716090994501248,1097.0,0.0027783405936581906,487,0.0031603265454451064,2,0.0015206222885774763,0.002608030936642835,0.0010489803910598897
성북구,장위3동,6482.0,2131.0,395.0,266.0,1108078,11290780,16188,3255,0.0014203981391257068,1197.0,0.0030316077398439873,1022,0.0066321431816117014,2,0.0010903250662714003,0.0013662761538115646,0.0006200639644931793
성북구,석관동,16794.0,7408.0,1388.0,1419.0,1108085,11290810,35267,10146,0.004427453001403816,2226.0,0.0056377266740958365,330,0.0021414943737102362,2,0.003790299432631879,0.004800990636684687,0.0033077848331421857
강북구,삼양동,10927.0,4655.0,1251.0,430.0,1109069,11305534,24050,6998,0.0030537469055611968,1357.0,0.0034368351737412623,234,0.0015185141922672584,1,0.002381728382681074,0.004327117641565233,0.0010023590403461168
강북구,미아동,11608.0,6386.0,1037.0,868.0,1109070,11305535,21839,6408,0.0027962861061497785,505.0,0.0012789990882382737,645,0.004185648094070007,1,0.003267393652374079,0.0035869072696268164,0.002023366620977743
강북구,송중동,13996.0,6229.0,1171.0,1004.0,1109071,11305545,29838,8529,0.003721835861322013,1901.0,0.004814608448991997,657,0.00426352061675038,1,0.003187064682217059,0.004050403483831246,0.0023403918058313984
강북구,송천동,13361.0,6583.0,1480.0,899.0,1109072,11305555,26857,8797,0.003838784156647878,881.0,0.0022312835578968695,470,0.003050007138314579,1,0.0033681886021889387,0.005119211918078774,0.002095629714584091
강북구,삼각산동,11506.0,2698.0,1015.0,294.0,1109073,11305575,31398,6264,0.0027334482161239407,1600.0,0.004052274338972748,455,0.0029526664849641136,1,0.0013804303279212756,0.0035108108762499698,0.0006853338554924614
강북구,번1동,10374.0,6009.0,989.0,717.0,1109060,11305590,18610,5134,0.002240345329115631,2577.0,0.006526694357207983,1467,0.009519915897675505,1,0.003074501794098942,0.0034208787749864236,0.0016713754230887577
강북구,번2동,7510.0,3172.0,1299.0,242.0,1109061,11305600,16103,5452,0.0023791123362560227,1494.0,0.0037838111640158037,963,0.006249269945099872,1,0.0016229521868666738,0.004493146136205627,0.0005641183436366519
강북구,번3동,7424.0,2605.0,1915.0,215.0,1109062,11305606,17163,6078,0.0026522826081739003,3374.0,0.008545233512308783,1658,0.01075938688367143,1,0.0013328469252167987,0.006623845150757332,0.0005011795201730584
강북구,수유1동,10479.0,5160.0,1123.0,452.0,1109063,11305610,20799,6287,0.0027434848235586232,2715.0,0.0068762030189443825,724,0.004698308868382458,1,0.002640111375861298,0.0038843749891908533,0.001053642526131267
강북구,수유2동,9847.0,3976.0,984.0,352.0,1109064,11305620,21365,6731,0.0029372349844716227,4741.0,0.012007395400668626,70,0.00045425638230217136,1,0.002034318377989248,0.0034035841401280497,0.0008205357725624027
강북구,수유3동,13367.0,7973.0,1334.0,790.0,1109065,11305630,23095,6582,0.0028722152232643324,2979.0,0.007544828284874886,137,0.0008890446339342497,1,0.004079381395298862,0.004614208580214246,0.0018415433531940287
강북구,우이동,9604.0,3906.0,827.0,393.0,1109074,11305645,20695,6620,0.002888797444243373,992.0,0.002512410090163104,96,0.0006229801814429778,1,0.001998502913588029,0.0028605326055750986,0.0009161095415256371
강북구,인수동,14310.0,6083.0,1454.0,569.0,1109075,11305660,30833,9855,0.004300468098643269,1481.0,0.00375088643501165,129,0.0008371296188140015,1,0.003112363856465945,0.005029279816815228,0.0013263774278068385
도봉구,창1동,10982.0,4151.0,467.0,314.0,1110059,11320511,24976,6579,0.0028709061005554606,1480.0,0.0037483537635497922,2,1.2978753780062038e-05,1,0.002123857038992296,0.0016153188957721536,0.0007319552062062342
도봉구,창2동,12591.0,4349.0,885.0,555.0,1110060,11320512,29277,7671,0.0033474267665847303,1505.0,0.0038116705500962416,2,1.2978753780062038e-05,1,0.0022251636382986015,0.0030611503699322397,0.0012937424823071975
도봉구,창3동,6477.0,2698.0,819.0,268.0,1110061,11320513,14067,4178,0.001823171559221875,1248.0,0.003160773984398744,2,1.2978753780062038e-05,1,0.0013804303279212756,0.0028328611898017,0.0006247260995645566
도봉구,창4동,10560.0,3072.0,268.0,187.0,1110062,11320514,26853,6417,0.0028002134742763935,1042.0,0.0026390436632560024,989,0.006417993744240678,1,0.0015717872377220752,0.000926992428408859,0.0004359096291737764
도봉구,창5동,10271.0,3308.0,445.0,250.0,1110063,11320515,24841,6474,0.002825086805744954,1117.0,0.00282899402289535,2,1.2978753780062038e-05,1,0.0016925365177033283,0.001539222502395307,0.000582766883922161
도봉구,도봉1동,10303.0,4644.0,1214.0,362.0,1110064,11320521,21265,7784,0.0033967370552855612,924.0,0.0023401884307567623,12,7.787252268037223e-05,1,0.002376100238275168,0.004199137343613264,0.0008438464479192891
도봉구,도봉2동,11753.0,4208.0,872.0,321.0,1110065,11320522,27175,9110,0.003975369292606817,803.0,0.002033735183871948,179,0.0011615984633155524,1,0.0021530210600047175,0.0030161843193004666,0.0007482726789560547
도봉구,쌍문1동,9403.0,3424.0,914.0,543.0,1110051,11320660,21605,6476,0.002825959554217535,684.0,0.0017323472799108499,44,0.00028553258316136486,1,0.001751887858711063,0.0031614592521108102,0.0012657696718789337
도봉구,쌍문2동,8543.0,3341.0,757.0,365.0,1110052,11320670,18850,5566,0.002428858999193144,1054.0,0.002669435720798298,420,0.002725538293813028,1,0.0017094209509210458,0.002618407717557859,0.000850839650526355
도봉구,쌍문3동,8207.0,3644.0,712.0,364.0,1110053,11320680,16532,4811,0.0020993964507937867,1317.0,0.0033355283152669436,1197,0.00776778413736713,1,0.0018644507468291802,0.002462756003832491,0.0008485085829906664
도봉구,쌍문4동,7086.0,1713.0,239.0,134.0,1110054,11320681,18879,4736,0.0020666683830719962,783.0,0.001983081754634789,133,0.0008630871263741256,1,0.0008764555788469775,0.0008266835462302885,0.0003123630497822783
도봉구,방학1동,12963.0,5259.0,1360.0,519.0,1110055,11320690,28722,8483,0.0037017626464526483,1000.0,0.002532671461857968,539,0.0034977741437267193,1,0.002690764675514451,0.004704140681477792,0.0012098240510224063
도봉구,방학2동,9299.0,4022.0,1636.0,508.0,1110056,11320700,19845,6219,0.0027138113754908663,1012.0,0.0025630635194002632,209,0.001356279770016483,1,0.0020578542545957638,0.00565880452566005,0.001184182308129831
도봉구,방학3동,9918.0,2089.0,268.0,192.0,1110057,11320710,27478,7600,0.003316444195808102,1059.0,0.002682099078107588,2,1.2978753780062038e-05,1,0.001068835787630669,0.000926992428408859,0.00044756496685221966
노원구,월계1동,10030.0,4546.0,718.0,975.0,1111051,11350560,21801,5901,0.002575044368350475,1463.0,0.0037052983486982067,288,0.0018689405443289336,1,0.0023259585881134615,0.0024835095656625403,0.0022727908472964277
노원구,월계2동,11791.0,4426.0,2359.0,427.0,1111052,11350570,27078,8266,0.003607069437177601,1482.0,0.0037534191064735084,333,0.0021609625043803294,1,0.002264560649139943,0.008159608726180965,0.0009953658377390509
노원구,월계3동,12892.0,4392.0,1509.0,406.0,1111053,11350580,30261,8610,0.0037571821744615467,812.0,0.00205652922702867,353,0.00229075004218095,1,0.0022471645664307793,0.005219520800257344,0.0009464134194895894
노원구,공릉1동,18534.0,9330.0,1879.0,903.0,1111079,11350595,37080,9550,0.004167373956574654,1015.0,0.0025706615337858373,863,0.005600332256096769,1,0.004773689755191068,0.006499323779777038,0.0021049539847268453
노원구,공릉2동,17768.0,6429.0,700.0,1437.0,1111056,11350600,39236,7971,0.003478339037471892,1689.0,0.004277682099078107,624,0.004049371179379356,1,0.0032893945805062565,0.002421248880172393,0.0033497440487845814
노원구,하계1동,12035.0,5132.0,2198.0,656.0,1111058,11350611,26994,6617,0.0028874883215345014,1306.0,0.003307668929186506,416,0.002699580786252904,1,0.0026257851901008104,0.007602721483741314,0.0015291803034117504
노원구,하계2동,8190.0,1924.0,818.0,144.0,1111059,11350612,22313,4774,0.0020832506040510367,1540.0,0.00390031405126127,1324,0.008591935002401069,1,0.0009844136215420808,0.002829402262830025,0.00033567372513916473
노원구,중계본동,8244.0,1827.0,384.0,149.0,1111060,11350619,24364,3966,0.0017306602211282806,894.0,0.002264208286901023,517,0.003355007852146037,1,0.00093478362087182,0.0013282279571231413,0.00034732906281760795
노원구,중계1동,8917.0,1488.0,527.0,208.0,1111061,11350621,27049,3685,0.0016080390607306387,1373.0,0.0034773579171309896,448,0.0029072408467338967,1,0.0007613344432716301,0.0018228545140726443,0.00048486204742323794
노원구,중계4동,8252.0,2805.0,1405.0,114.0,1111064,11350624,20263,5480,0.0023913308148721577,1355.0,0.003431769830817546,810,0.005256395280925126,1,0.0014351768235059963,0.00485979239520316,0.0002657416990685054
노원구,중계2·3동,15107.0,5463.0,3325.0,345.0,1111078,11350625,34782,10043,0.00438250645506589,325.0,0.0008231182251038395,489,0.0031733052992251685,1,0.002795141171769432,0.011500932180818867,0.0008042182998125822
노원구,상계1동,15665.0,4857.0,1336.0,331.0,1111065,11350630,38564,10438,0.004554874278400654,672.0,0.0017019552223685543,834,0.00541214032628587,1,0.0024850815799531637,0.004621126434157596,0.0007715833543129411
노원구,상계2동,8563.0,3342.0,770.0,327.0,1111066,11350640,20178,5028,0.0021940896600688336,886.0,0.0022439469152061593,498,0.0032317096912354475,1,0.0017099326004124918,0.0026633737681896323,0.0007622590841701866
노원구,상계3·4동,11662.0,4677.0,1951.0,300.0,1111076,11350665,26551,8541,0.0037270723521575,1266.0,0.0032063620707121873,897,0.005820971070357824,1,0.002392984671492886,0.006748366521737627,0.0006993202607065932
노원구,상계5동,10951.0,4333.0,1396.0,313.0,1111069,11350670,24290,7143,0.0031170211698233253,663.0,0.0016791611792118326,1449,0.009403107113654947,1,0.002216977246435466,0.0048286620524580865,0.0007296241386705455
노원구,상계6·7동,13783.0,4683.0,626.0,311.0,1111077,11350695,33027,7322,0.0031951321581193317,1598.0,0.004047208996049032,429,0.002783942685823307,1,0.0023960545684415615,0.0021652882842684543,0.0007249620035991683
노원구,상계8동,9162.0,2443.0,207.0,122.0,1111072,11350700,22764,4125,0.0018000437246984762,796.0,0.0020160064836389426,855,0.005548417240976522,1,0.0012499597076025485,0.0007159978831366933,0.00028439023935401456
노원구,상계9동,8344.0,2405.0,328.0,235.0,1111073,11350710,20722,5015,0.002188416794997057,929.0,0.002352851788066052,765,0.00496437332087373,1,0.0012305170269276012,0.0011345280467093498,0.0005478008708868314
노원구,상계10동,7650.0,2172.0,264.0,126.0,1111074,11350720,18680,4060,0.0017716793993395913,800.0,0.002026137169486374,519,0.003367986605926099,1,0.0011113026954206859,0.0009131567205221597,0.00029371450949676914
은평구,녹번동,17663.0,7622.0,1307.0,760.0,1112051,11380510,36850,9812,0.004281704006482776,563.0,0.001425894033026036,326,0.0021155368661501125,1,0.0038997924238013204,0.004520817551979025,0.0017716113271233694
은평구,불광1동,17753.0,7104.0,1387.0,648.0,1112052,11380520,38927,10970,0.00478702537210722,484.0,0.0012258129875392565,308,0.001998728082129554,1,0.0036347579872322987,0.004797531709713013,0.0015105317631262413
은평구,불광2동,14027.0,6886.0,1632.0,640.0,1112072,11380530,28002,8504,0.00371092650541475,1524.0,0.003859791307871543,896,0.005814481693467793,1,0.0035232183980970734,0.00564496881777335,0.0014918832228407322
은평구,갈현1동,8555.0,4027.0,1261.0,458.0,1112055,11380551,22580,6431,0.002806322713584461,973.0,0.0024642893323878028,662,0.0042959675012005346,1,0.0020604125020529935,0.004361706911281982,0.001067628931345399
은평구,갈현2동,12632.0,4760.0,976.0,675.0,1112056,11380552,28545,7148,0.0031192030410047778,1155.0,0.0029252355384459527,239,0.0015509610767174137,1,0.002435451579282903,0.0033759127243546505,0.0015734705865898346
은평구,구산동,13422.0,4694.0,1055.0,615.0,1112057,11380560,32394,8760,0.0038226383099051278,1309.0,0.0033152669435720797,337,0.0021869200119404536,1,0.0024016827128474677,0.0036491679551169634,0.001433606534448516
은평구,대조동,14497.0,7897.0,1172.0,736.0,1112058,11380570,27088,7143,0.0031170211698233253,815.0,0.002064127241414244,384,0.0024919207257719112,1,0.004040496033948967,0.00405386241080292,0.001715665706266842
은평구,응암1동,15048.0,6087.0,783.0,673.0,1112059,11380580,32554,7199,0.0031414581270555954,711.0,0.001800729409381015,471,0.00305649651520461,1,0.003114410454431729,0.0027083398188214054,0.0015688084515184575
은평구,응암2동,11249.0,3282.0,790.0,465.0,1112060,11380590,27416,5527,0.002411840403977813,1149.0,0.002910039509674805,469,0.003043517761424548,1,0.0016792336309257325,0.0027325523076231293,0.0010839464040952194
은평구,응암3동,12568.0,6294.0,1361.0,689.0,1112073,11380600,24877,7703,0.0033613907421460275,1513.0,0.003831931921791105,334,0.0021674518812703604,1,0.0032203218991610485,0.004707599608449467,0.0016061055320894756
은평구,역촌동,20816.0,8457.0,1641.0,915.0,1112074,11380625,45909,11899,0.005192417037621132,435.0,0.001101712085908216,446,0.0028942620929538346,1,0.00432701974915872,0.005676099160518424,0.002132926795155109
은평구,신사1동,11986.0,4357.0,756.0,455.0,1112065,11380631,27228,7227,0.0031536766056717304,762.0,0.0019298956539357715,789,0.005120118366234474,1,0.0022292568342301695,0.0026149487905861844,0.001060635728738333
은평구,신사2동,8736.0,3289.0,719.0,304.0,1112066,11380632,20535,5633,0.00245809607302461,853.0,0.0021603687569648465,714,0.0046334150994821474,1,0.0016828151773658545,0.002486968492634215,0.0007086445308493478
은평구,증산동,8003.0,2873.0,458.0,242.0,1112067,11380640,15118,4466,0.0019488473392735503,748.0,0.00189443825346976,702,0.004555542576801776,1,0.0014699689889243234,0.00158418855302708,0.0005641183436366519
은평구,수색동,5553.0,1822.0,438.0,156.0,1112068,11380650,11243,3069,0.0013392325311756665,1157.0,0.002930300881369669,330,0.0021414943737102362,1,0.0009322253734145901,0.001515010013593583,0.0003636465355674285
은평구,진관동,21368.0,6457.0,987.0,595.0,1112071,11380690,56105,11869,0.005179325810532416,688.0,0.0017424779657582818,537,0.003484795389946657,1,0.0033037207662667445,0.003413960921043074,0.0013869851837347432
서대문구,천연동,7682.0,3092.0,646.0,419.0,1113052,11410520,17248,4435,0.0019353197379485436,671.0,0.0016994225509066965,529,0.003432880374826409,2,0.001582020227550995,0.0022344668237019513,0.0009767172974535418
서대문구,북아현동,7071.0,2783.0,484.0,529.0,1113074,11410555,16193,3291,0.0014361076116321662,706.0,0.0017880660520717252,170,0.0011031940713052734,2,0.0014239205346941845,0.0016741206542906259,0.0012331347263792927
서대문구,충현동,10074.0,5109.0,562.0,699.0,1113073,11410565,20586,4974,0.0021705254513091445,2041.0,0.005169182453652112,135,0.0008760658801541876,2,0.0026140172517975526,0.001943916958081264,0.0016294162074463622
서대문구,신촌동,14688.0,11636.0,470.0,5592.0,1113075,11410585,19434,2895,0.0012633034140611126,720.0,0.0018235234525377367,364,0.002362133187971291,2,0.005953553482465516,0.001625695676687178,0.013035329659570898
서대문구,연희동,18631.0,10406.0,672.0,3854.0,1113076,11410615,35362,8283,0.0036144877991945404,658.0,0.0016664978219025428,390,0.0025308569871120975,2,0.0053242246079869505,0.002324398924965497,0.008983934282544034
서대문구,홍제1동,10819.0,4018.0,576.0,459.0,1113062,11410620,23903,6409,0.002796722480386069,540.0,0.0013676425894033025,286,0.0018559617905488715,2,0.0020558076566299798,0.001992341935684712,0.0010699599988810875
서대문구,홍제3동,8026.0,3047.0,550.0,301.0,1113064,11410640,15475,4893,0.002135179138169611,432.0,0.0010941140715226422,513,0.003329050344585913,2,0.0015589960004359254,0.001902409834421166,0.0007016513282422818
서대문구,홍제2동,5737.0,1912.0,448.0,205.0,1113065,11410655,13881,3946,0.0017219327364024696,600.0,0.0015196028771147807,274,0.0017780892678684994,2,0.000978273827644729,0.0015495992833103314,0.000477868844816172
서대문구,홍은1동,9806.0,3467.0,600.0,408.0,1113066,11410660,22770,6418,0.002800649848512684,595.0,0.0015069395198054909,234,0.0015185141922672584,2,0.0017738887868432402,0.002075356183004908,0.0009510755545609667
서대문구,홍은2동,12480.0,5196.0,838.0,1153.0,1113068,11410685,26611,7277,0.0031754953174862573,521.0,0.0013195218316280012,225,0.0014601098002569794,2,0.0026585307575533535,0.0028985808022635217,0.0026877208686490067
서대문구,남가좌1동,6062.0,1318.0,213.0,439.0,1113069,11410690,15605,2980,0.0013003952241458084,1081.0,0.0027378178502684633,182,0.0011810665939856455,2,0.0006743540297258121,0.0007367514449667424,0.0010233386481673147
서대문구,남가좌2동,13303.0,5426.0,1026.0,1567.0,1113070,11410700,29798,6736,0.0029394168556530756,710.0,0.0017981967379191572,138,0.0008955340108242806,2,0.002776210140585931,0.003548859072938393,0.003652782828424105
서대문구,북가좌1동,6847.0,1703.0,352.0,296.0,1113071,11410710,18211,4236,0.0018484812649267263,1584.0,0.004011751595583021,485,0.0031473477916650443,2,0.0008713390839325176,0.0012175422940295462,0.0006899959905638386
서대문구,북가좌2동,14571.0,6023.0,1081.0,715.0,1113072,11410720,31993,8964,0.003911658654108398,612.0,0.0015499949346570762,251,0.0016288335993977858,2,0.0030816648869791854,0.0037391000563805096,0.0016667132880173804
마포구,아현동,10757.0,3367.0,382.0,708.0,1114078,11440555,25273,4742,0.0020692866284897395,486.0,0.0012308783304629724,460,0.002985113369414269,0,0.0017227238376986416,0.0013213101031797916,0.0016503958152675599
마포구,공덕동,18613.0,9198.0,908.0,1231.0,1114077,11440565,37296,8494,0.0037065627630518444,1398.0,0.003540674703677439,617,0.004003945541149139,0,0.004706152022320198,0.003140705690280761,0.002869544136432721
마포구,도화동,9329.0,3652.0,407.0,474.0,1114075,11440585,21325,5222,0.0022787462619091982,791.0,0.0020033431263296523,214,0.001388726654466638,0,0.001868543942760748,0.0014077832774716627,0.0011049260119164173
마포구,용강동,9297.0,3541.0,329.0,656.0,1114059,11440590,21687,4224,0.0018432447740912399,704.0,0.0017830007091480093,207,0.001343301016236421,0,0.0018117508492102434,0.0011379869736810246,0.0015291803034117504
마포구,대흥동,8748.0,5675.0,423.0,1920.0,1114060,11440600,14392,2889,0.0012606851686433691,1066.0,0.0026998277783405935,365,0.002368622564861322,0,0.002903610863955982,0.0014631261090184602,0.004475649668522197
마포구,염리동,7777.0,3393.0,326.0,534.0,1114061,11440610,15978,2905,0.001267667156424018,1267.0,0.003208894742174045,533,0.0034588378823865334,0,0.0017360267244762371,0.0011276101927660002,0.0012447900640577359
마포구,신수동,10014.0,3979.0,305.0,585.0,1114063,11440630,22663,4733,0.0020653592603631244,935.0,0.0023680478168371997,157,0.00101883217173487,0,0.002035853326463586,0.0010549727263608284,0.0013636745083778568
마포구,서강동,12156.0,5906.0,287.0,1004.0,1114076,11440655,24930,4674,0.0020396131804219825,623.0,0.0015778543207375139,207,0.001343301016236421,0,0.003021801896480005,0.0009927120408706812,0.0023403918058313984
마포구,서교동,15402.0,10307.0,334.0,2323.0,1114066,11440660,24997,4643,0.002026085579096976,834.0,0.002112247999189545,347,0.0022518137808407637,0,0.005273571308333798,0.001155281608539399,0.00541506988540472
마포구,합정동,9259.0,5150.0,456.0,599.0,1114068,11440680,17590,3736,0.0016302941467814564,853.0,0.0021603687569648465,316,0.002050643097249802,0,0.002634994880946838,0.0015772706990837303,0.0013963094538774977
마포구,망원1동,10185.0,5175.0,538.0,604.0,1114069,11440690,20468,4740,0.0020684138800171584,564.0,0.0014284267044878938,658,0.00427000999364041,0,0.0026477861182329877,0.0018609027107610676,0.001407964791555941
마포구,망원2동,8431.0,3391.0,380.0,445.0,1114070,11440700,18746,4299,0.0018759728418130301,258.0,0.0006534292371593557,158,0.001025321548624901,0,0.0017350034254933451,0.001314392249236442,0.0010373250533814466
마포구,연남동,8520.0,5139.0,225.0,1288.0,1114071,11440710,15198,3336,0.0014557444522652406,315.0,0.0007977915104852598,194,0.0012589391166660177,0,0.002629366736540932,0.0007782585686268406,0.0030024149859669736
마포구,성산1동,9437.0,4599.0,425.0,571.0,1114072,11440720,19033,4146,0.0018092075836605777,358.0,0.0009066963833451525,281,0.0018235149060987165,0,0.002353076011160099,0.00147004396296181,0.0013310395628782156
마포구,성산2동,19467.0,9399.0,1479.0,607.0,1114073,11440730,39806,8607,0.0037558730517526753,192.0,0.00048627292067672984,816,0.005295331542265312,0,0.004808993570100841,0.005115752991107099,0.0014149579941630068
마포구,상암동,12692.0,4609.0,677.0,950.0,1114074,11440740,30750,5651,0.00246595080927784,476.0,0.0012055516158443926,211,0.0013692585237965451,0,0.0023581925060745584,0.0023416935598238714,0.0022145141589042117
양천구,목1동,10358.0,1711.0,257.0,326.0,1115051,11470510,30996,4881,0.0021299426473341244,720.0,0.0018235234525377367,259,0.001680748614518034,0,0.0008754322798640855,0.0008889442317204357,0.0007599280166344979
양천구,목2동,13364.0,5320.0,767.0,512.0,1115052,11470520,30063,6378,0.0027831948790610623,583.0,0.0014765474622631953,146,0.0009474490259445288,0,0.002721975294492656,0.0026529969872746075,0.0011935065782725856
양천구,목3동,10090.0,4111.0,734.0,423.0,1115053,11470530,22088,5150,0.0022473273168962795,588.0,0.001489210819572485,193,0.0012524497397759867,0,0.0021033910593344566,0.0025388523972093378,0.0009860415675962964
양천구,목4동,10070.0,3326.0,658.0,467.0,1115054,11470540,25603,4888,0.002132997266988158,464.0,0.001175159558302097,221,0.0014341522926968552,0,0.001701746208549356,0.002275973947362049,0.0010886085391665968
양천구,목5동,13369.0,1782.0,36.0,269.0,1115071,11470550,41520,7045,0.0030742564946668522,489.0,0.0012384763448485463,250,0.0016223442225077548,0,0.0009117593937567506,0.0001245213709802945,0.0006270571671002452
양천구,신월1동,10292.0,4940.0,1342.0,717.0,1115057,11470560,20635,6265,0.0027338845903602314,297.0,0.0007522034241718164,113,0.0007332995885735051,0,0.0025275484877431806,0.004641879995987645,0.0016713754230887577
양천구,신월2동,8482.0,2681.0,548.0,436.0,1115058,11470570,20904,5694,0.002484714901438333,700.0,0.0017728700233005774,567,0.003679476696647588,0,0.0013717322865666938,0.0018954919804778161,0.0010163454455602487
양천구,신월3동,7854.0,4152.0,1171.0,476.0,1115059,11470580,15373,4443,0.001938810731838868,463.0,0.001172626886840239,275,0.0017845786447585302,0,0.002124368688483742,0.004050403483831246,0.0011095881469877944
양천구,신월4동,6872.0,1733.0,298.0,304.0,1115060,11470590,18151,4771,0.002081941481342165,1965.0,0.004976699422550907,854,0.00554192786408649,0,0.0008866885686758971,0.0010307602375591045,0.0007086445308493478
양천구,신월5동,6435.0,2455.0,555.0,373.0,1115061,11470600,14859,3693,0.0016115300546209633,650.0,0.001646236450207679,207,0.001343301016236421,0,0.0012560995014999005,0.00191970446927954,0.0008694881908118642
양천구,신월6동,5337.0,1286.0,186.0,133.0,1115062,11470610,13764,2762,0.0012052656406344707,621.0,0.001572788977813798,168,0.0010902153175252113,0,0.0006579812459995406,0.0006433604167315215,0.0003100319822465897
양천구,신월7동,9049.0,3511.0,776.0,410.0,1115063,11470611,20162,6257,0.002730393596469907,644.0,0.0016310404214365313,373,0.00242053757998157,0,0.0017964013644668638,0.0026841273300196814,0.000955737689632344
양천구,신정1동,6979.0,1419.0,192.0,255.0,1115064,11470620,20512,3881,0.0016935684110435847,946.0,0.0023959072029176376,241,0.0015639398304974756,0,0.0007260306283618569,0.0006641139785615707,0.0005944222216006042
양천구,신정2동,6868.0,1603.0,548.0,262.0,1115065,11470630,19623,3923,0.0017118961289677873,530.0,0.001342315874784723,283,0.0018364936598787784,0,0.0008201741347879187,0.0018954919804778161,0.0006107396943504247
양천구,신정3동,19747.0,5381.0,1531.0,973.0,1115066,11470640,49559,10959,0.004782225255508025,1089.0,0.0027580792219633267,389,0.0025243676102220665,0,0.0027531859134708615,0.005295617193634191,0.0022681287122250505
양천구,신정4동,16374.0,7918.0,1315.0,1435.0,1115072,11470650,32995,8488,0.003703944517634101,387.0,0.0009801438557390336,655,0.004250541862970318,0,0.004051240673269333,0.004548488967752424,0.0033450819137132042
양천구,신정6동,8213.0,1207.0,43.0,126.0,1115069,11470670,24825,4264,0.0018606997435428613,607.0,0.0015373315773477864,462,0.002998092123194331,0,0.0006175609361753075,0.00014873385978201844,0.00029371450949676914
양천구,신정7동,11434.0,3299.0,1405.0,438.0,1115070,11470680,29360,7247,0.003162404090397541,541.0,0.0013701752608651606,247,0.0016028760918376616,0,0.0016879316722803143,0.00485979239520316,0.001021007580631626
강서구,염창동,16515.0,4909.0,179.0,293.0,1116051,11500510,42006,6901,0.0030114186046410144,839.0,0.002124911356498835,365,0.002368622564861322,0,0.002511687353508355,0.0006191479279297976,0.0006830027879567727
강서구,등촌1동,14012.0,8194.0,237.0,380.0,1116052,11500520,24243,4242,0.0018510995103444695,422.0,0.0010687873569040624,326,0.0021155368661501125,0,0.004192455932908425,0.0008197656922869388,0.0008858056635616847
강서구,등촌2동,8587.0,3046.0,304.0,269.0,1116053,11500530,20537,4742,0.0020692866284897395,539.0,0.0013651099179414446,134,0.0008695765032641565,0,0.0015584843509444794,0.0010515137993891534,0.0006270571671002452
강서구,등촌3동,15093.0,6962.0,4199.0,472.0,1116054,11500535,31002,9716,0.004239812079798884,723.0,0.0018311214669233108,9,5.8404392010279176e-05,0,0.0035621037594469685,0.014524034354062682,0.00110026387684504
강서구,화곡1동,28308.0,15186.0,1507.0,2192.0,1116073,11500540,51977,12285,0.00536085749282928,993.0,0.002514942761624962,32,0.0002076600604809926,0,0.007769909177098773,0.005212602946313994,0.005109700038229507
강서구,화곡2동,8238.0,3342.0,612.0,676.0,1116057,11500550,18106,4261,0.0018593906208339897,663.0,0.0016791611792118326,66,0.00042829887474204727,0,0.0017099326004124918,0.0021168633066650064,0.0015758016541255232
강서구,화곡3동,9759.0,3875.0,500.0,396.0,1116058,11500560,21443,5964,0.002602535945236779,673.0,0.0017044878938304122,22,0.00014276629158068243,0,0.0019826417793532033,0.0017294634858374236,0.000923102744132703
강서구,화곡4동,9740.0,4073.0,844.0,736.0,1116059,11500570,20783,5574,0.002432349993083468,539.0,0.0013651099179414446,112,0.0007268102116834742,0,0.002083948378659509,0.002919334364093571,0.001715665706266842
강서구,화곡본동,17464.0,8755.0,1291.0,999.0,1116055,11500590,34466,7285,0.0031789863113765816,633.0,0.0016031810353560937,242,0.0015704292073875066,0,0.004479491297609625,0.004465474720432227,0.0023287364681529553
강서구,화곡6동,13107.0,6936.0,761.0,532.0,1116061,11500591,24897,5990,0.002613881675380333,918.0,0.0023249924019856146,102,0.000661916442783164,0,0.0035488008726693725,0.0026322434254445587,0.0012401279289863587
강서구,화곡8동,11843.0,5225.0,782.0,1003.0,1116063,11500593,24640,6351,0.0027714127746812176,1048.0,0.00265423969202715,144,0.0009344702721644668,0,0.0026733685928052872,0.0027048808918497306,0.00233806073829571
강서구,가양1동,20752.0,13874.0,228.0,489.0,1116064,11500603,34099,5081,0.0022172174945922322,577.0,0.0014613514334920474,171,0.0011096834481953042,0,0.007098625044321637,0.0007886353495418652,0.0011398920249517468
강서구,가양2동,8121.0,4638.0,2624.0,217.0,1116065,11500604,14192,5757,0.002512206478324637,634.0,0.0016057137068179515,122,0.0007917039805837844,0,0.002373030341326492,0.009076224373674798,0.0005058416552444358
강서구,가양3동,7791.0,3673.0,1785.0,273.0,1116066,11500605,15242,5102,0.0022263813535543337,729.0,0.0018463174956944585,76,0.0004931926436423574,0,0.0018792885820811138,0.006174184644439602,0.0006363814372429998
강서구,발산1동,13438.0,3103.0,928.0,407.0,1116067,11500611,36352,6964,0.0030389101815273185,558.0,0.001413230675716746,164,0.001064257809965087,0,0.0015876483719569007,0.003209884229714258,0.0009487444870252781
강서구,우장산동,16205.0,4207.0,497.0,499.0,1116074,11500615,43228,8572,0.0037405999534825063,593.0,0.001501874176881775,43,0.0002790432062713338,0,0.0021525094105132713,0.001719086704922399,0.0011632027003086332
강서구,공항동,13958.0,5933.0,1107.0,1226.0,1116069,11500620,30716,6287,0.0027434848235586232,932.0,0.002360449802451626,1032,0.006697036950512012,0,0.0030356164327490468,0.003829032157644056,0.0028578887987542774
강서구,방화1동,17352.0,5362.0,830.0,665.0,1116070,11500630,43300,9907,0.004323159558930377,1759.0,0.004454969101408165,331,0.0021479837506002673,0,0.0027434645731333877,0.002870909386490123,0.0015501599112329482
강서구,방화2동,12124.0,6231.0,1314.0,636.0,1116071,11500640,23221,6845,0.0029869816474087443,587.0,0.001486678148110627,119,0.0007722358499136913,0,0.003188087981199951,0.004545030040780749,0.0014825589526979775
강서구,방화3동,11290.0,5221.0,1771.0,341.0,1116072,11500641,23069,7344,0.0032047323913177235,597.0,0.0015120048627292068,252,0.001635322976287817,0,0.0026713219948395032,0.006125759666836154,0.0007948940296698276
구로구,신도림동,13932.0,3666.0,147.0,658.0,1117051,11530510,35730,6923,0.0030210188378394062,1174.0,0.002973356296221254,366,0.002375111941751353,0,0.001875707035640992,0.0005084622648362026,0.0015338424384831277
구로구,구로1동,8327.0,2387.0,65.0,354.0,1117052,11530520,20989,4136,0.0018048438412976724,931.0,0.002357917130989768,140,0.0009085127646043427,0,0.0012213073360815732,0.00022483025315886505,0.0008251979076337799
구로구,구로2동,12410.0,6451.0,922.0,15249.0,1117071,11530530,24056,7846,0.0034237922579355745,1086.0,0.002750481207577753,402,0.0026087295097924697,0,0.0033006508693180685,0.003189130667884209,0.03554644885171613
구로구,구로3동,13587.0,8350.0,378.0,3650.0,1117054,11530540,23677,4869,0.002124706156498638,714.0,0.001808327423766589,131,0.0008501083725940635,0,0.0042722732535739995,0.0013074743952930922,0.008508396505263551
구로구,구로4동,10537.0,5594.0,769.0,8677.0,1117055,11530550,19987,6144,0.002681083307769076,720.0,0.0018235234525377367,1,6.489376890031019e-06,0,0.0028621672551488566,0.0026599148412179575,0.020226673007170362
구로구,구로5동,15584.0,8407.0,415.0,5639.0,1117056,11530560,29363,6795,0.0029651629355942175,663.0,0.0016791611792118326,207,0.001343301016236421,0,0.004301437274586421,0.0014354546932450615,0.013144889833748263
구로구,가리봉동,6117.0,4440.0,555.0,7833.0,1117070,11530595,9002,2852,0.0012445393219006192,982.0,0.0024870833755445245,116,0.0007527677192435983,0,0.0022717237420201864,0.00191970446927954,0.01825925200704915
구로구,고척1동,11120.0,3918.0,479.0,704.0,1117061,11530720,22659,6274,0.002737811958486846,748.0,0.00189443825346976,317,0.002057132474139833,0,0.002004642707485381,0.0016568260194322517,0.0016410715451248053
구로구,고척2동,11464.0,4093.0,854.0,1306.0,1117062,11530730,26912,7446,0.0032492425634193588,1047.0,0.002651707020565292,97,0.0006294695583330089,0,0.0020941813684884287,0.0029539236338103196,0.003044374201609369
구로구,개봉1동,14917.0,5436.0,1157.0,1949.0,1117072,11530740,34127,9282,0.00405042566124879,1608.0,0.004072535710667612,320,0.002076600604809926,0,0.002781326635500391,0.004001978506227798,0.004543250627057167
구로구,개봉2동,12482.0,3546.0,602.0,1093.0,1117064,11530750,31162,9127,0.003982787654623756,512.0,0.0012967277884712795,197,0.0012784072473361109,0,0.0018143090966674733,0.002082274036948258,0.0025478568165076877
구로구,개봉3동,8779.0,2926.0,469.0,943.0,1117065,11530760,20335,6139,0.0026789014365876233,925.0,0.00234272110221862,243,0.0015769185842775377,0,0.0014970864119709607,0.0016222367497155032,0.0021981966861543915
구로구,오류1동,12396.0,6907.0,828.0,1429.0,1117067,11530770,22790,5669,0.0024738055455310695,745.0,0.001886840239084186,339,0.0021998987657205157,0,0.003533963037417439,0.0028639915325467734,0.0033310955084990723
구로구,오류2동,15797.0,5062.0,1075.0,1707.0,1117068,11530780,38426,9728,0.00424504857063437,626.0,0.001585452335123088,356,0.0023102181728510427,0,0.0025899697256995913,0.0037183464945504605,0.003979132283420515
구로구,수궁동,9943.0,3267.0,645.0,812.0,1117069,11530790,23724,6412,0.0027980316030949406,926.0,0.002345253773680478,158,0.001025321548624901,0,0.0016715588885540427,0.0022310078967302765,0.001892826838979179
금천구,가산동,17500.0,13536.0,693.0,4979.0,1118051,11545510,23343,4044,0.0017646974115589425,1258.0,0.0031861006990173235,162,0.0010512790561850252,2,0.006925687516212893,0.002397036391370669,0.011606385260193757
금천구,독산1동,24420.0,13283.0,1307.0,3850.0,1118052,11545610,43059,8650,0.0037746371439131687,1210.0,0.003064532468848141,377,0.0024464950875416943,2,0.006796240194877058,0.004520817551979025,0.008974610012401279
금천구,독산2동,9430.0,4563.0,992.0,3337.0,1118053,11545620,18878,5255,0.002293146611706786,601.0,0.0015221355485766387,301,0.0019533024438993366,2,0.0023346566294680433,0.0034312555559014484,0.007778772366593005
금천구,독산3동,12880.0,6624.0,878.0,7431.0,1118054,11545630,24329,6755,0.0029477079661425955,518.0,0.0013119238172424274,163,0.0010577684330750562,2,0.0033891662313382245,0.0030369378811305157,0.017322162857702314
금천구,독산4동,7659.0,3729.0,687.0,3598.0,1118055,11545640,15384,4353,0.0018995370505727194,440.0,0.0011143754432175058,216,0.0014017054082467002,2,0.0019079409536020891,0.0023762828295406197,0.00838718099340774
금천구,시흥1동,16252.0,7701.0,1245.0,3922.0,1118057,11545670,33052,8903,0.0038850398256946752,785.0,0.0019881470975585047,117,0.0007592570961336292,2,0.003940212733625554,0.004306364079735185,0.009142446874970862
금천구,시흥2동,8220.0,2207.0,963.0,352.0,1118058,11545680,21415,5911,0.0025794081107133804,938.0,0.002375645831222774,209,0.001356279770016483,2,0.0011292104276212954,0.003330946673722878,0.0008205357725624027
금천구,시흥3동,4695.0,1600.0,299.0,389.0,1118059,11545690,10875,3437,0.001499818250130585,1039.0,0.0026314456488704284,267,0.0017326636296382822,2,0.0008186391863135808,0.0010342191645307793,0.0009067852713828825
금천구,시흥4동,9191.0,3531.0,923.0,1651.0,1118060,11545700,20468,6061,0.0026448642461569614,691.0,0.0017500759801438556,415,0.002693091409362873,2,0.0018066343542957836,0.0031925895948558838,0.0038485925014219513
금천구,시흥5동,9336.0,4261.0,1279.0,1369.0,1118061,11545710,19365,6037,0.002634391264485988,509.0,0.0012891297740857057,723,0.0046918194914924265,2,0.002180138483051355,0.004423967596772129,0.0031912314563577538
영등포구,영등포본동,10390.0,4979.0,893.0,4184.0,1119073,11560515,21192,5877,0.002564571386679502,1439.0,0.0036445142336136156,261,0.001693727368298096,0,0.002547502817909574,0.0030888217857056384,0.009753186569321287
영등포구,영등포동,21084.0,16182.0,1553.0,1139.0,1119074,11560535,28647,5106,0.002228126850499496,296.0,0.0007496707527099585,228,0.0014795779309270723,0,0.008279512070578978,0.005371713587011037,0.0026550859231493653
영등포구,여의동,10453.0,4609.0,681.0,1011.0,1119054,11560540,33378,8387,0.0036598707197687567,749.0,0.0018969709249316178,420,0.002725538293813028,0,0.0023581925060745584,0.002355529267710571,0.002356709278581219
영등포구,당산1동,11000.0,5961.0,480.0,791.0,1119055,11560550,20475,4838,0.002111178555173631,582.0,0.0014740147908013372,332,0.0021544731274902983,0,0.0030499426185095343,0.0016602849464039265,0.0018438744207297175
영등포구,당산2동,18792.0,9969.0,233.0,832.0,1119056,11560560,37241,6794,0.0029647265613579267,706.0,0.0017880660520717252,975,0.006327142467780243,0,0.005100633780225054,0.0008059299844002393,0.0019394481896929518
영등포구,도림동,9553.0,5074.0,658.0,4532.0,1119075,11560585,17896,4540,0.0019811390327590505,433.0,0.0010966467429845,445,0.0028877727160638036,0,0.002596109519596943,0.002275973947362049,0.010564398071740935
영등포구,문래동,13118.0,3964.0,242.0,469.0,1119076,11560605,32870,6600,0.002880069959517562,372.0,0.000942153783811164,255,0.0016547911069579098,0,0.002028178584091896,0.0008370603271453129,0.001093270674237974
영등포구,양평1동,9930.0,5381.0,243.0,527.0,1119061,11560610,17974,3288,0.0014347984889232946,210.0,0.0005318610069901732,191,0.0012394709859959248,0,0.0027531859134708615,0.0008405192541169878,0.0012284725913079154
영등포구,양평2동,10893.0,5045.0,237.0,401.0,1119062,11560620,22275,3856,0.001682659055136321,826.0,0.0020919866274946813,458,0.0029721346156342068,0,0.0025812716843450095,0.0008197656922869388,0.0009347580818111462
영등포구,신길1동,11411.0,7168.0,781.0,2976.0,1119063,11560630,17203,4554,0.001987248272067118,1426.0,0.003611589504609462,488,0.0031668159223351374,0,0.003667503554684842,0.0027014219648780553,0.006937256986209404
영등포구,신길3동,7612.0,3120.0,627.0,2272.0,1119065,11560650,16706,4476,0.0019532110816364557,692.0,0.0017526086516057137,459,0.002978623992524238,0,0.0015963464133114825,0.002168747211240129,0.0052961854410845995
영등포구,신길4동,5798.0,2445.0,556.0,1665.0,1119066,11560660,12284,3310,0.0014443987221216864,826.0,0.0020919866274946813,606,0.0039325623953587975,0,0.0012509830065854405,0.0019231633962512149,0.0038812274469215923
영등포구,신길5동,4665.0,1923.0,437.0,2247.0,1119067,11560670,10813,2940,0.0012829402546941867,678.0,0.0017171512511397022,64,0.0004153201209619852,0,0.0009839019720506348,0.001511551086621908,0.005237908752692383
영등포구,신길6동,9187.0,4304.0,413.0,1894.0,1119068,11560680,19112,4707,0.0020540135302195704,1058.0,0.00267956640664573,267,0.0017326636296382822,0,0.002202139411183532,0.001428536839301712,0.0044150419125942916
영등포구,신길7동,7849.0,2267.0,221.0,452.0,1119069,11560690,19966,3791,0.0016542947297774361,891.0,0.0022566102725154495,236,0.0015314929460473205,0,0.0011599093971080548,0.0007644228607401412,0.001053642526131267
영등포구,대림1동,7012.0,3234.0,488.0,5360.0,1119070,11560700,14678,4286,0.0018702999767412532,882.0,0.0022338162293587278,278,0.0018040467754286233,0,0.0016546744553363251,0.0016879563621773252,0.012494521991291132
영등포구,대림2동,6939.0,4077.0,413.0,12926.0,1119071,11560710,12183,3860,0.0016844045520814832,731.0,0.0018513828386181744,356,0.0023102181728510427,0,0.002085994976625293,0.001428536839301712,0.030131378966311413
영등포구,대림3동,10311.0,4261.0,693.0,7614.0,1119072,11560720,22528,6491,0.0028325051677618933,1247.0,0.003158241312936886,702,0.004555542576801776,0,0.002180138483051355,0.002397036391370669,0.017748748216733334
동작구,노량진1동,16357.0,8447.0,972.0,621.0,1120072,11590510,31838,8188,0.003573032246746939,1013.0,0.0025655961908621215,610,0.003958519902918922,2,0.00432190325424426,0.0033620770164679513,0.001447592939662648
동작구,노량진2동,6856.0,4695.0,694.0,1315.0,1120052,11590520,12603,3793,0.0016551674782500172,967.0,0.0024490933036166547,163,0.0010577684330750562,2,0.0024021943623389135,0.0024004953183423437,0.0030653538094305667
동작구,상도1동,22244.0,11214.0,935.0,2151.0,1120053,11590530,44410,10024,0.00437421534457637,890.0,0.002254077601053591,46,0.0002985113369414269,2,0.0057376373970753096,0.003234096718515982,0.005014126269266273
동작구,상도2동,12572.0,5154.0,372.0,570.0,1120054,11590540,29103,6407,0.002795849731913488,732.0,0.0018539155100800325,168,0.0010902153175252113,2,0.002637041478912622,0.001286720833463043,0.001328708495342527
동작구,상도3동,12123.0,5869.0,821.0,750.0,1120055,11590550,24678,6270,0.002736066461541684,251.0,0.00063570053692635,336,0.0021804306350504225,2,0.0030028708652965037,0.0028397790437450494,0.001748300651766483
동작구,상도4동,14144.0,6782.0,963.0,826.0,1120056,11590560,28737,7259,0.0031676405812330276,1171.0,0.0029657582818356804,507,0.003290114083245727,2,0.0034700068509866903,0.003330946673722878,0.0019254617844788199
동작구,흑석동,12706.0,4987.0,650.0,2552.0,1120071,11590605,31704,7949,0.0034687388042735,567.0,0.0014360247188734676,355,0.0023037287959610116,2,0.002551596013841142,0.0022483025315886505,0.0059488843510774195
동작구,사당1동,13615.0,8532.0,605.0,1023.0,1120063,11590620,22904,5429,0.00236907572882134,737.0,0.0018665788673893223,238,0.0015444716998273826,2,0.004365393461017169,0.0020926508178632825,0.002384682089009483
동작구,사당2동,12565.0,4508.0,464.0,834.0,1120073,11590630,26646,7320,0.0031942594096467506,1645.0,0.004166244554756357,114,0.0007397889654635362,2,0.002306515907438514,0.001604942114857129,0.0019441103247643291
동작구,사당3동,10500.0,3814.0,432.0,515.0,1120065,11590640,24709,6261,0.0027321390934150693,464.0,0.001175159558302097,800,0.005191501512024815,2,0.0019514311603749982,0.001494256451763534,0.0012004997808796516
동작구,사당4동,7265.0,3642.0,426.0,349.0,1120066,11590650,14280,3782,0.0016503673616508213,1413.0,0.0035786647756053083,7,4.5425638230217136e-05,2,0.0018634274478462882,0.0014735028899334848,0.0008135425699553367
동작구,사당5동,6691.0,2744.0,279.0,262.0,1120067,11590651,14580,3318,0.0014478897160120107,2119.0,0.005366730827677034,562,0.003647029812197433,2,0.001403966204527791,0.0009650406250972823,0.0006107396943504247
동작구,대방동,17044.0,7647.0,1095.0,809.0,1120068,11590660,38326,8091,0.003530703945826757,805.0,0.0020388005267956643,33,0.00021414943737102363,2,0.00391258366108747,0.0037875250339839575,0.001885833636372113
동작구,신대방1동,10409.0,4209.0,475.0,4065.0,1120069,11590670,23405,5427,0.002368202980348759,924.0,0.0023401884307567623,31,0.0002011706835909616,2,0.0021535327094961633,0.0016429903115455524,0.009475789532574337
동작구,신대방2동,10682.0,5033.0,456.0,553.0,1120070,11590680,19924,4312,0.0018816457068848071,751.0,0.0019020362678553338,35,0.00022712819115108568,2,0.0025751318904476575,0.0015772706990837303,0.0012890803472358201
관악구,보라매동,13096.0,7127.0,846.0,1018.0,1121052,11620525,24373,6289,0.0027443575720312043,711.0,0.001800729409381015,43,0.0002790432062713338,1,0.0036465259255355565,0.0029262522180369204,0.0023730267513310394
관악구,청림동,6425.0,2119.0,481.0,246.0,1121054,11620545,15247,3794,0.0016556038524863077,1156.0,0.0029277682099078106,12,7.787252268037223e-05,1,0.0010841852723740485,0.0016637438733756015,0.0005734426137794064
관악구,성현동,12263.0,4226.0,1204.0,525.0,1121079,11620565,29623,7436,0.0032448788210564534,921.0,0.0023325904163711882,353,0.00229075004218095,1,0.002162230750850745,0.004164548073896516,0.001223810456236538
관악구,행운동,18196.0,12152.0,842.0,935.0,1121057,11620575,29057,6047,0.002638755006848894,934.0,0.002365515145375342,656,0.004257031239860348,1,0.0062175646200516455,0.0029124165101502212,0.002179548145868882
관악구,낙성대동,11871.0,8834.0,367.0,2051.0,1121058,11620585,16891,2721,0.0011873742969465586,826.0,0.0020919866274946813,156,0.001012342794844839,1,0.004519911607433858,0.0012694261986046689,0.0047810195156974085
관악구,청룡동,24210.0,17689.0,978.0,2077.0,1121080,11620595,35353,6276,0.002738684706959427,861.0,0.0021806301286597103,177,0.0011486197095354905,1,0.009050567854188082,0.0033828305782980005,0.004841627271625314
관악구,은천동,16073.0,7603.0,1255.0,1069.0,1121078,11620605,33454,8161,0.0035612501423670944,532.0,0.0013473812177084389,165,0.0010707471868551181,1,0.0038900710834638467,0.004340953349451933,0.0024919111956511605
관악구,중앙동,10146.0,7209.0,488.0,752.0,1121061,11620615,15193,3267,0.0014256346299611933,527.0,0.001334717860399149,566,0.0036729873197575568,1,0.003688481183834127,0.0016879563621773252,0.0017529627868378603
관악구,인헌동,14745.0,8880.0,579.0,610.0,1121062,11620625,25873,5538,0.002416640520577009,759.0,0.0019222976395501976,497,0.0032252203143454164,1,0.004543447484040373,0.0020027187165997363,0.0014219511967700727
관악구,남현동,9856.0,5579.0,300.0,434.0,1121063,11620630,18162,4044,0.0017646974115589425,477.0,0.0012080842873062507,573,0.003718412957987774,1,0.002854492512777167,0.001037678091502454,0.0010116833104888716
관악구,서원동,14764.0,10113.0,691.0,1253.0,1121064,11620645,22537,4701,0.002051395284801827,715.0,0.001810860095228447,37,0.0002401069449311477,1,0.005174311306993276,0.0023901185374273193,0.002920827622217871
관악구,신원동,11311.0,7523.0,896.0,1890.0,1121065,11620655,18065,4429,0.0019327014925308004,615.0,0.0015575929490426502,807,0.005236927150255032,1,0.0038491391241481676,0.0030991985666206628,0.004405717642451537
관악구,서림동,14986.0,10252.0,938.0,1054.0,1121066,11620665,23350,4979,0.002172707322490597,755.0,0.0019121669537027657,518,0.003361497229036068,1,0.005245430586304269,0.0032444734994310064,0.0024569451826158308
관악구,신사동,14421.0,9808.0,930.0,4872.0,1121068,11620685,22627,4915,0.0021447793713680026,1067.0,0.002702360449802452,756,0.004905968928863451,1,0.00501825821210225,0.0032168020836576077,0.011356961033875073
관악구,신림동,18890.0,16087.0,750.0,1242.0,1121069,11620695,21868,2732,0.0011921744135457546,1074.0,0.0027200891500354573,251,0.0016288335993977858,1,0.008230905368891608,0.0025941952287561352,0.002895185879325296
관악구,난향동,6198.0,1980.0,481.0,335.0,1121071,11620715,15462,3875,0.0016909501656258415,572.0,0.0014486880761827576,422,0.0027385170475930903,1,0.0010130659930630561,0.0016637438733756015,0.0007809076244556958
관악구,조원동,11881.0,7721.0,596.0,3058.0,1121072,11620725,17239,3973,0.0017337148407823143,599.0,0.0015170702056529228,135,0.0008760658801541876,1,0.003950445723454473,0.002061520475118209,0.007128404524135873
관악구,대학동,16977.0,13078.0,1211.0,1177.0,1121073,11620735,23635,4285,0.0018698636025049626,393.0,0.0009953398845101813,766,0.00497086269776376,1,0.00669135204913063,0.00418876056269824,0.002743666489505534
관악구,삼성동,9853.0,4205.0,1262.0,431.0,1121082,11620745,22847,7950,0.003469175178509791,489.0,0.0012384763448485463,149,0.0009669171566146219,1,0.0021514861115303793,0.004365165838253657,0.0010046901078818056
관악구,미성동,14430.0,6387.0,944.0,1354.0,1121083,11620765,30847,8355,0.003645906744207459,490.0,0.0012410090163104041,344,0.0022323456501706705,1,0.0032679053018655254,0.0032652270612610556,0.003156265443322424
관악구,난곡동,13031.0,5939.0,1527.0,1084.0,1121081,11620775,27097,7714,0.003366190858745223,466.0,0.001180224901225813,1142,0.007410868408415424,1,0.0030386863296977228,0.005281781485747491,0.0025268772086864903
서초구,서초1동,9466.0,4284.0,285.0,435.0,1122051,11650510,20763,4295,0.001874227344867868,468.0,0.001185290244149529,783,0.005081182104894288,0,0.0021919064213546126,0.0009857941869273314,0.0010140143780245602
서초구,서초2동,11675.0,4766.0,108.0,706.0,1122052,11650520,22222,3877,0.0016918229140984226,530.0,0.001342315874784723,63,0.0004088307440719542,0,0.002438521476231579,0.0003735641129408835,0.0016457336801961827
서초구,서초3동,15209.0,7157.0,277.0,733.0,1122053,11650530,32376,6880,0.0030022547456789134,378.0,0.0009573498125823118,588,0.0038157536113382394,0,0.003661875410278936,0.0009581227711539326,0.001708672503659776
서초구,서초4동,10652.0,2239.0,65.0,629.0,1122054,11650531,31110,5840,0.002548425539936752,236.0,0.0005977104649984804,208,0.001349790393126452,0,0.001145583211347567,0.00022483025315886505,0.001466241479948157
서초구,잠원동,10485.0,3450.0,218.0,501.0,1122055,11650540,27233,4929,0.00215088861067607,323.0,0.0008180528821801235,140,0.0009085127646043427,0,0.0017651907454886585,0.0007540460798251166,0.0011678648353800106
서초구,반포본동,137.0,68.0,3.0,61.0,1122056,11650550,10469,2364,0.001031588694590836,822.0,0.0020818559416472494,244,0.0015834079611675687,0,3.4792165418327183e-05,1.0376780915024542e-05,0.00014219511967700728
서초구,반포1동,14774.0,6201.0,379.0,833.0,1122057,11650560,32928,5497,0.0023987491768890966,496.0,0.001256205045081552,220,0.0014276629158068242,0,0.0031727384964565716,0.001310933322264767,0.0019417792572286403
서초구,반포2동,4985.0,617.0,7.0,456.0,1122058,11650570,15776,2661,0.0011611918427691262,639.0,0.0016183770641272413,367,0.0023816013186413842,0,0.0003156877362221746,2.4212488801723928e-05,0.0010629667962740216
서초구,반포3동,7855.0,1310.0,28.0,225.0,1122059,11650580,22321,4262,0.0018598269950702803,345.0,0.0008737716543409989,305,0.001979259951459461,0,0.0006702608337942443,9.684995520689571e-05,0.0005244901955299448
서초구,반포4동,7081.0,1778.0,72.0,1032.0,1122060,11650581,19065,4094,0.0017865161233734696,779.0,0.001972951068787357,113,0.0007332995885735051,0,0.0009097127957909667,0.000249042741960589,0.0024056616968306807
서초구,방배본동,7930.0,2310.0,242.0,466.0,1122061,11650590,20837,4323,0.0018864458234840033,1101.0,0.0027884712795056225,349,0.0022647925346208258,0,0.0011819103252402323,0.0008370603271453129,0.001086277471630908
서초구,방배1동,7495.0,2958.0,246.0,341.0,1122062,11650600,17007,4030,0.001758588172250875,1229.0,0.0031126532266234426,340,0.0022063881426105467,0,0.0015134591956972325,0.0008508960350320124,0.0007948940296698276
서초구,방배2동,8005.0,2887.0,386.0,330.0,1122063,11650610,19787,5140,0.002242963574533374,2294.0,0.005809948333502178,249,0.0016158548456177237,0,0.0014771320818045674,0.001335145811066491,0.0007692522867772526
서초구,방배3동,6383.0,1382.0,106.0,270.0,1122064,11650620,19279,5138,0.002242090826060793,1645.0,0.004166244554756357,264,0.001713195498968189,0,0.0007070995971783554,0.0003666462589975338,0.0006293882346359339
서초구,방배4동,9600.0,3365.0,253.0,559.0,1122065,11650621,23531,4840,0.002112051303646212,1234.0,0.0031253165839327324,227,0.0014730885540370413,0,0.0017217005387157496,0.0008751085238337362,0.001303066752449952
서초구,양재1동,17837.0,6231.0,1428.0,860.0,1122066,11650651,43690,10046,0.004383815577774762,1705.0,0.004318204842467835,128,0.0008306402419239704,0,0.003188087981199951,0.0049393477155516815,0.0020047180806922337
서초구,양재2동,10952.0,5555.0,504.0,433.0,1122067,11650652,22181,4437,0.0019361924864211247,1482.0,0.0037534191064735084,149,0.0009669171566146219,0,0.0028422129249824632,0.001743299193724123,0.0010093522429531828
서초구,내곡동,7228.0,2250.0,453.0,269.0,1122068,11650660,17832,4585,0.0020007758733921245,484.0,0.0012258129875392565,114,0.0007397889654635362,0,0.001151211355753473,0.0015668939181687058,0.0006270571671002452
강남구,신사동,6878.0,2669.0,179.0,503.0,1123051,11680510,16185,3903,0.0017031686442419765,1227.0,0.0031075878836997264,72,0.0004672351360822334,0,0.0013655924926693418,0.0006191479279297976,0.001172526970451388
강남구,논현1동,13683.0,9376.0,651.0,1054.0,1123052,11680521,22563,4182,0.001824917056167037,1002.0,0.0025377368047816836,187,0.0012135134784358006,0,0.0047972256317975834,0.0022517614585603253,0.0024569451826158308
강남구,논현2동,11141.0,6276.0,353.0,676.0,1123053,11680531,21399,4378,0.0019104464064799828,2169.0,0.005493364400769932,245,0.0015898973380575998,0,0.0032111122083150205,0.001221001221001221,0.0015758016541255232
강남구,압구정동,10053.0,2704.0,132.0,621.0,1123077,11680545,26620,6743,0.002942471475307109,1146.0,0.002902441495289231,67,0.00043478825163207826,0,0.0013835002248699514,0.00045657836026107983,0.001447592939662648
강남구,청담동,11063.0,4388.0,164.0,686.0,1123078,11680565,26379,5451,0.002378675962019732,896.0,0.0022692736298247393,361,0.002342665057301198,0,0.0022451179684649953,0.0005672640233546749,0.0015991123294824099
강남구,삼성1동,5350.0,1988.0,110.0,475.0,1123058,11680580,13105,3034,0.0013239594329054975,1327.0,0.003360855029885523,93,0.0006035120507728848,0,0.001017159188994624,0.00038048196688423316,0.0011072570794521059
강남구,삼성2동,13682.0,5810.0,344.0,652.0,1123059,11680590,29529,4751,0.002073213996616354,719.0,0.0018209907810758789,136,0.0008825552570442186,0,0.0029726835453011903,0.0011898708782561475,0.0015198560332689958
강남구,대치1동,7207.0,576.0,12.0,212.0,1123060,11680600,24444,3477,0.0015172732195822066,1957.0,0.004956438050856043,256,0.0016612804838479409,0,0.0002947101070728891,4.150712366009817e-05,0.0004941863175659926
강남구,대치2동,12951.0,2578.0,118.0,387.0,1123079,11680610,36518,7218,0.003149749237545116,179.0,0.00045334819167257626,90,0.0005840439201027917,0,0.001319032388947757,0.00040815338265763195,0.0009021231363115052
강남구,대치4동,9912.0,5404.0,468.0,521.0,1123063,11680630,19997,3005,0.0013113045800530719,360.0,0.0009117617262688684,135,0.0008760658801541876,0,0.0027649538517741192,0.0016187778227438284,0.0012144861860937835
강남구,역삼1동,23700.0,17533.0,870.0,1547.0,1123064,11680640,35495,5391,0.0023524935078422997,337.0,0.0008535102826461352,56,0.0003634051058417371,0,0.008970750533522507,0.003009266465357117,0.0036061614777103323
강남구,역삼2동,15807.0,6596.0,452.0,675.0,1123065,11680650,36210,5019,0.002190162291942219,316.0,0.0008003241819471178,59,0.00038287323651183013,0,0.0033748400455777365,0.0015634349911970308,0.0015734705865898346
강남구,도곡1동,8425.0,2701.0,132.0,319.0,1123066,11680655,21790,4391,0.0019161192715517598,295.0,0.0007471380812481005,64,0.0004153201209619852,0,0.0013819652763956136,0.00045657836026107983,0.0007436105438846774
강남구,도곡2동,11498.0,2146.0,62.0,561.0,1123067,11680656,33503,6706,0.0029263256285643594,112.0,0.0002836592037280924,108,0.0007008527041233501,0,0.00109799980864309,0.00021445347224384052,0.0013077288875213292
강남구,개포1동,2632.0,686.0,125.0,87.0,1123068,11680660,6479,2202,0.0009608960683117685,286.0,0.0007243440380913788,351,0.002277771288400888,0,0.00035099155113194774,0.0004323658714593559,0.00020280287560491204
강남구,개포2동,10094.0,1705.0,133.0,267.0,1123080,11680670,21879,4925,0.002149143113730908,443.0,0.0011219734576030796,90,0.0005840439201027917,0,0.0008723623829154095,0.00046003728723275467,0.0006223950320288679
강남구,개포4동,10034.0,3581.0,492.0,375.0,1123071,11680690,23757,4895,0.002136051886642192,340.0,0.0008611082970317091,140,0.0009085127646043427,0,0.001832216828868083,0.0017017920700640248,0.0008741503258832415
강남구,세곡동,18054.0,6333.0,1296.0,529.0,1123076,11680700,43782,9288,0.004053043906666533,391.0,0.0009902745415864653,72,0.0004672351360822334,0,0.003240276229327442,0.004482769355290602,0.0012331347263792927
강남구,일원본동,8029.0,1483.0,83.0,160.0,1123072,11680720,23564,4569,0.001993793885611476,270.0,0.0006838212947016512,268,0.001739153006528313,0,0.0007587761958144001,0.0002870909386490123,0.00037297080571018306
강남구,일원1동,7435.0,3466.0,1203.0,306.0,1123073,11680730,15365,4614,0.0020134307262445503,320.0,0.0008104548677945497,668,0.004334903762540721,0,0.0017733771373517942,0.004161089146924841,0.0007133066659207251
강남구,일원2동,10453.0,4609.0,681.0,1011.0,1123074,11680740,17864,4665,0.002035685812295368,488.0,0.0012359436733866882,761,0.0049384158133136055,0,0.0023581925060745584,0.002355529267710571,0.002356709278581219
강남구,수서동,7736.0,3755.0,2580.0,222.0,1123075,11680750,14948,6271,0.0027365028357779746,336.0,0.0008509776111842772,796,0.005165544004464691,0,0.0019212438403796849,0.008924031586921106,0.000517496992922879
송파구,풍납1동,5827.0,2406.0,418.0,1296.0,1124051,11710510,13337,4186,0.0018266625531121992,480.0,0.0012156823016918246,548,0.0035561785357369987,0,0.001231028676419047,0.001445831474160086,0.0030210635262524826
송파구,풍납2동,10855.0,4306.0,426.0,380.0,1124052,11710520,25157,5618,0.0024515504594802523,538.0,0.0013625772464795868,618,0.00401043491803917,0,0.002203162710166424,0.0014735028899334848,0.0008858056635616847
송파구,거여1동,5582.0,2189.0,425.0,190.0,1124053,11710531,12690,3462,0.0015107276060378485,576.0,0.0014588187620301893,663,0.004302456878090566,0,0.0011200007367752677,0.00147004396296181,0.00044290283178084235
송파구,거여2동,10040.0,3277.0,608.0,197.0,1124054,11710532,19012,5073,0.002213726500701908,244.0,0.0006179718366933441,894,0.005801502939687731,0,0.0016766753834685027,0.002103027598778307,0.0004592203045306629
송파구,마천1동,8708.0,3668.0,1149.0,441.0,1124055,11710540,19191,5994,0.002615627172325495,652.0,0.001651301793131395,150,0.0009734065335046529,0,0.001876730334623884,0.003974307090454399,0.001028000783238692
송파구,마천2동,8585.0,3630.0,1060.0,414.0,1124056,11710550,19128,6016,0.002625227405523887,440.0,0.0011143754432175058,508,0.0032966034601357576,0,0.0018572876539489365,0.003666462589975338,0.0009650619597750986
송파구,방이1동,6127.0,1891.0,213.0,206.0,1124057,11710561,15835,3320,0.0014487624644845918,128.0,0.0003241819471178199,523,0.003393944113486223,0,0.0009675291883243632,0.0007367514449667424,0.0004801999123518607
송파구,방이2동,15147.0,9307.0,665.0,962.0,1124058,11710562,26483,5308,0.002316274446230185,32.0,8.104548677945497e-05,1144,0.007423847162195486,0,0.00476192181688781,0.002300186436163773,0.0022424869693324755
송파구,오륜동,5889.0,705.0,9.0,113.0,1124059,11710566,18239,4108,0.001792625362681537,486.0,0.0012308783304629724,569,0.00369245545042765,0,0.0003607128914694215,3.1130342745073624e-05,0.00026341063153281676
송파구,오금동,15579.0,4752.0,988.0,567.0,1124060,11710570,38814,9574,0.004177846938245627,376.0,0.0009522844696585958,429,0.002783942685823307,0,0.002431358383351335,0.003417419848014749,0.001321715292735461
송파구,송파1동,12390.0,6394.0,449.0,694.0,1124061,11710580,24270,5127,0.002237290709461597,891.0,0.0022566102725154495,777,0.005042245843554102,0,0.003271486848305647,0.0015530582102820064,0.001617760869767919
송파구,송파2동,7185.0,1807.0,264.0,321.0,1124062,11710590,19460,4383,0.0019126282776614355,86.0,0.00021780974571978523,293,0.0019013874287790887,0,0.0009245506310429002,0.0009131567205221597,0.0007482726789560547
송파구,석촌동,16861.0,9154.0,750.0,1178.0,1124063,11710600,31968,6721,0.0029328712421087173,203.0,0.0005141323067571675,726,0.00471128762216252,0,0.004683639444696574,0.0025941952287561352,0.0027459975570412226
송파구,삼전동,16013.0,8717.0,837.0,786.0,1124064,11710610,30899,6155,0.002685883424368272,539.0,0.0013651099179414446,57,0.0003698944827317681,0,0.004460048616934677,0.002895121875291847,0.0018322190830512741
송파구,가락본동,11643.0,4712.0,551.0,656.0,1124065,11710620,26587,5982,0.0026103906814900087,623.0,0.0015778543207375139,185,0.0012005347246557385,0,0.0024108924036934953,0.0019058687613928407,0.0015291803034117504
송파구,가락1동,9858.0,1701.0,75.0,290.0,1124066,11710631,27403,5344,0.002331983918736644,165.0,0.0004178907912065647,104,0.000674895196563226,0,0.0008703157849496256,0.0002594195228756135,0.0006760095853497067
송파구,가락2동,12308.0,3428.0,396.0,429.0,1124067,11710632,32626,6644,0.0028992704259143457,510.0,0.0012916624455475635,121,0.0007852146036937533,0,0.0017539344566768467,0.0013697350807832394,0.0010000279728104283
송파구,문정1동,8468.0,3004.0,283.0,367.0,1124068,11710641,20280,4710,0.002055322652928442,337.0,0.0008535102826461352,61,0.0003958519902918922,0,0.0015369950723037478,0.0009788763329839818,0.0008555017855977323
송파구,문정2동,15686.0,9033.0,85.0,466.0,1124069,11710642,29157,5630,0.0024567869503157387,1743.0,0.004414446358018438,27,0.00017521317603083752,0,0.00462172985623161,0.000294008792592362,0.001086277471630908
송파구,장지동,12057.0,3665.0,950.0,414.0,1124081,11710646,29570,6443,0.0028115592044199475,981.0,0.0024845507040826666,112,0.0007268102116834742,0,0.001875195386149546,0.0032859806230911047,0.0009650619597750986
송파구,위례동,14457.0,2061.0,570.0,436.0,1124082,11710647,32301,4144,0.0018083348351879967,1738.0,0.004401783000709148,183,0.0011875559708756766,0,0.0010545096018701812,0.0019715883738546628,0.0010163454455602487
송파구,잠실본동,15822.0,9352.0,748.0,1004.0,1124071,11710650,28258,5684,0.0024803511590754277,1277.0,0.003234221456792625,197,0.0012784072473361109,0,0.0047849460440028795,0.0025872773748127856,0.0023403918058313984
송파구,잠실2동,11516.0,1653.0,27.0,364.0,1124079,11710670,35474,5115,0.0022320542186261105,1277.0,0.003234221456792625,99,0.000642448312113071,0,0.0008457566093602181,9.339102823522087e-05,0.0008485085829906664
송파구,잠실3동,11827.0,1822.0,44.0,450.0,1124080,11710680,34680,8120,0.0035433587986791826,1268.0,0.003211427413635903,157,0.00101883217173487,0,0.0009322253734145901,0.00015219278675369328,0.0010489803910598897
송파구,잠실4동,7205.0,1043.0,26.0,192.0,1124075,11710690,21332,4071,0.0017764795159387872,522.0,0.001322054503089859,103,0.0006684058196731949,0,0.0005336504195781655,8.993210126354602e-05,0.00044756496685221966
송파구,잠실6동,5842.0,979.0,24.0,290.0,1124077,11710710,16860,4139,0.001806152964006544,1043.0,0.0026415763347178603,233,0.0015120248153772274,0,0.0005009048521256223,8.301424732019633e-05,0.0006760095853497067
송파구,잠실7동,3376.0,536.0,7.0,108.0,1124078,11710720,9659,2869,0.0012519576839175584,1461.0,0.003700233005774491,128,0.0008306402419239704,0,0.0002742441274150496,2.4212488801723928e-05,0.00025175529385437355
강동구,강일동,13046.0,3484.0,1433.0,498.0,1125051,11740515,41881,9410,0.004106281563493979,905.0,0.002292067672981461,167,0.0010837259406351802,0,0.001782586828197822,0.004956642350410056,0.0011608716327729447
강동구,상일동,10453.0,4609.0,681.0,1011.0,1125052,11740520,38683,7062,0.0030816748566837916,1400.0,0.0035457400466011547,144,0.0009344702721644668,0,0.0023581925060745584,0.002355529267710571,0.002356709278581219
강동구,명일1동,10024.0,2569.0,300.0,203.0,1125053,11740530,26033,5967,0.0026038450679456504,854.0,0.0021629014284267043,253,0.001641812353177848,0,0.0013144275435247432,0.001037678091502454,0.0004732067097447947
강동구,명일2동,6484.0,1740.0,124.0,101.0,1125054,11740540,17431,3933,0.0017162598713306926,1949.0,0.004936176679161179,56,0.0003634051058417371,0,0.0008902701151160191,0.00042890694448768105,0.00023543782110455305
강동구,고덕1동,8098.0,1372.0,235.0,286.0,1125055,11740550,25070,4470,0.0019505928362187125,1471.0,0.0037255597203930705,274,0.0017780892678684994,0,0.0007019831022638955,0.000812847838343589,0.0006666853152069522
강동구,고덕2동,8898.0,2369.0,456.0,338.0,1125056,11740560,22512,4519,0.001971975173796949,879.0,0.0022262182149731537,102,0.000661916442783164,0,0.0012120976452355454,0.0015772706990837303,0.0007879008270627616
강동구,암사1동,15949.0,6606.0,1351.0,721.0,1125072,11740570,34825,8918,0.003891585439239033,1593.0,0.004034545638739743,32,0.0002076600604809926,0,0.0033799565404921965,0.004673010338732718,0.0016806996932315123
강동구,암사2동,6362.0,2067.0,144.0,134.0,1125058,11740580,15338,3469,0.0015137822256918823,0.0,0.0,7,4.5425638230217136e-05,0,0.0010575794988188572,0.000498085483921178,0.0003123630497822783
강동구,암사3동,6167.0,1097.0,103.0,147.0,1125059,11740590,18001,3871,0.0016892046686806793,0.0,0.0,235,0.0015250035691572895,0,0.0005612794921162488,0.0003562694780825092,0.0003426669277462307
강동구,천호1동,12972.0,5824.0,1247.0,603.0,1125061,11740600,27121,7639,0.0033334627910234327,0.0,0.0,155,0.001005853417954808,0,0.002979846638181434,0.004313281933678534,0.0014056337240202523
강동구,천호2동,17578.0,9043.0,1510.0,1403.0,1125073,11740610,33299,8720,0.0038051833404535063,0.0,0.0,474,0.003075964645874703,0,0.004626846351146069,0.005222979727229019,0.0032704877525711676
강동구,천호3동,14352.0,7893.0,1117.0,951.0,1125063,11740620,26315,6880,0.0030022547456789134,0.0,0.0,34,0.00022063881426105466,0,0.004038449435983183,0.003863621427360804,0.0022168452264399005
강동구,성내1동,8293.0,2686.0,235.0,352.0,1125065,11740640,20214,4552,0.001986375523594537,0.0,0.0,73,0.0004737245129722644,0,0.0013742905340239236,0.000812847838343589,0.0008205357725624027
강동구,성내2동,12745.0,7031.0,770.0,1277.0,1125066,11740650,23961,6416,0.0027997771000401028,0.0,0.0,183,0.0011875559708756766,0,0.0035974075743567414,0.0026633737681896323,0.0029767732430743985
강동구,성내3동,10644.0,4443.0,519.0,473.0,1125067,11740660,23377,5688,0.00248209665602059,0.0,0.0,259,0.001680748614518034,0,0.0022732586904945246,0.0017951830982992456,0.0011025949443807285
강동구,길동,21881.0,9918.0,1241.0,785.0,1125074,11740685,46019,11943,0.005211617504017916,0.0,0.0,33,0.00021414943737102363,0,0.005074539656161309,0.0042925283718484855,0.0018298880155155856
강동구,둔촌1동,39.0,26.0,1.0,1001.0,1125070,11740690,134,52,2.2691460287108064e-05,0.0,0.0,170,0.0011031940713052734,0,1.3302886777595688e-05,3.458926971674847e-06,0.0023333986032243324
강동구,둔촌2동,10291.0,3448.0,413.0,392.0,1125071,11740700,24995,6239,0.0027225388602166774,0.0,0.0,51,0.000330958221391582,0,0.0017641674465057665,0.001428536839301712,0.0009137784739899484
