CTY_NM,ADMI_NM,RSPOP_CNT,노령층인구,노령층비율,장애인인구,장애인비율,차상위인구,차상위비율,ADM_CD
강남구,개포1동,2130120,447811,0.21022806226879237,228.0,0.00010703622331136274,1,4.694571197866787e-07,11230680
강남구,개포2동,3604072,570080,0.15817664020030675,432.0,0.00011986442002268544,74,2.0532331207589637e-05,11230800
강남구,개포4동,2927596,489999,0.16737247898958735,542.0,0.00018513483417793985,65,2.2202517013959577e-05,11230710
강남구,논현1동,3299614,527750,0.15994295090274196,587.0,0.00017789959674070966,182,5.515796696219619e-05,11230520
강남구,논현1동,3299614,527750,0.15994295090274196,587.0,0.00017789959674070966,182,5.515796696219619e-05,23050720
강남구,논현2동,3016122,541058,0.17938863215745252,505.0,0.00016743354546003113,172,5.70268709289611e-05,11230530
강남구,논현2동,3016122,541058,0.17938863215745252,505.0,0.00016743354546003113,172,5.70268709289611e-05,23050730
강남구,대치1동,3170467,396232,0.12497591048889643,285.0,8.989211999367916e-05,187,5.898184715374738e-05,11230600
강남구,대치2동,5544426,851950,0.15365882780291412,621.0,0.00011200438061577519,10,1.8036132144247214e-06,11230790
강남구,대치4동,2874259,361046,0.1256135929295168,384.0,0.00013359965124924372,68,2.3658271575386907e-05,11230630
강남구,도곡1동,3071473,520035,0.1693112718229983,425.0,0.00013837009148379294,258,8.399878494780843e-05,11230660
강남구,도곡2동,4719450,795939,0.1686507961732829,497.0,0.00010530888133151108,50,1.0594454862325059e-05,11230670
강남구,삼성1동,2006054,382930,0.19088718449254108,304.0,0.00015154128453172247,35,1.744718736384963e-05,11230580
강남구,삼성2동,4241633,599467,0.1413292946372305,565.0,0.00013320341481688774,41,9.666088508836101e-06,11230590
강남구,세곡동,5042822,954993,0.18937670217191882,2006.0,0.00039779314042811745,129,2.558091481317405e-05,11230760
강남구,수서동,2183955,711850,0.3259453605957998,2173.0,0.0009949838710046682,993,0.000454679698070702,11230750
강남구,신사동,2457493,497460,0.202425805485509,413.0,0.00016805744716261653,485,0.0001973555977575521,11210680
강남구,신사동,2457493,497460,0.202425805485509,413.0,0.00016805744716261653,485,0.0001973555977575521,11230510
관악구,신사동,3228406,596599,0.18479676967518954,923.0,0.0002858996049443595,298,9.230561459742053e-05,11210680
관악구,신사동,3228406,596599,0.18479676967518954,923.0,0.0002858996049443595,298,9.230561459742053e-05,11230510
강남구,압구정동,3830727,838464,0.21887855751662805,489.0,0.00012765200965769683,67,1.7490152652486067e-05,11230770
강남구,역삼1동,4858631,668996,0.1376922841022502,799.0,0.00016444961553985064,50,1.0290964677087023e-05,11230640
강남구,역삼2동,4951152,629997,0.12724250841016393,637.0,0.0001286569267111977,240,4.8473567363716563e-05,11230650
강남구,일원1동,2322414,542568,0.23362242907595288,1084.0,0.00046675571194455427,127,5.4684479166935785e-05,11230730
강남구,일원2동,2338035,487027,0.20830612031043164,1181.0,0.00050512503020699,491,0.00021000541052636082,11230740
강남구,일원본동,3298846,504357,0.15288891933724702,718.0,0.0002176518697750668,293,8.881893850152448e-05,11230720
강남구,청담동,4032009,720468,0.17868710114486352,563.0,0.00013963262482797036,91,2.256939406633269e-05,11230780
강동구,강일동,4619231,843318,0.18256675191173596,1518.0,0.0003286261284616422,100,2.164862506334929e-05,11250750
강동구,고덕1동,3017539,459644,0.1523241290336264,749.0,0.00024821551602149965,1,3.3139588253871783e-07,11250550
강동구,고덕2동,2104299,417768,0.19853072210745717,766.0,0.0003640167105530155,1205,0.0005726372535461928,11250560
강동구,길동,6704980,1357540,0.20246741973876134,2002.0,0.000298584037536279,196,2.9232003674880462e-05,11250740
강동구,둔촌1동,1369493,186940,0.1365030708444658,3.0,2.190591700724283e-06,244,0.00017816812499224166,11250700
강동구,둔촌2동,3821292,742838,0.19439446134972152,960.0,0.00025122393159172343,756,0.0001978388461284822,11250710
강동구,명일1동,3498019,643623,0.18399642769235958,861.0,0.00024613931485220636,2,5.717521831642424e-07,11250530
강동구,명일2동,2493729,439071,0.17607005412376406,454.0,0.00018205667095341955,294,0.00011789572964824967,11250540
강동구,성내1동,2757180,514545,0.18662002480795595,663.0,0.0002404630818444933,108,3.917045677104868e-05,11250650
강동구,성내1동,2757180,514545,0.18662002480795595,663.0,0.0002404630818444933,108,3.917045677104868e-05,22010560
강동구,성내2동,3438702,745051,0.21666634677852284,1062.0,0.0003088374625076555,4,1.163229613964804e-06,11250660
강동구,성내2동,3438702,745051,0.21666634677852284,1062.0,0.0003088374625076555,4,1.163229613964804e-06,22010590
강동구,성내3동,3325725,640784,0.19267498064331837,885.0,0.0002661073901179442,204,6.134000856956002e-05,11250670
강동구,성내3동,3325725,640784,0.19267498064331837,885.0,0.0002661073901179442,204,6.134000856956002e-05,22010610
강동구,암사1동,5078967,1031514,0.20309523570442573,1688.0,0.00033235104697470965,379,7.462147322477188e-05,11250720
강동구,암사2동,2132742,383775,0.17994440959103353,488.0,0.00022881342422102627,190,8.908719385654712e-05,11250580
강동구,암사3동,2570260,439107,0.17084147129084218,552.0,0.00021476426509380375,404,0.00015718254184401577,11250590
강동구,천호1동,3983774,888095,0.2229280576659218,1429.0,0.0003587050871861707,374,9.388082757706637e-05,11250610
강동구,천호2동,4884036,1054679,0.21594414946982374,1765.0,0.0003613814476387971,927,0.00018980204077119825,11250730
강동구,천호3동,3622802,813571,0.22456954589293038,1337.0,0.0003690513585892908,116,3.201941480655029e-05,11250630
강북구,미아동,3120759,756286,0.2423404050104478,1166.0,0.0003736270567512583,85,2.723696382835073e-05,11090700
강북구,번1동,2701010,619571,0.22938493378402894,972.0,0.00035986538368980493,750,0.00027767390716805935,11090600
강북구,번2동,2440446,658596,0.26986706528232957,1360.0,0.0005572751865847472,819,0.00033559439545066764,11090610
강북구,번3동,2634153,757615,0.2876123748316821,2020.0,0.0007668499134256818,520,0.00019740690840661115,11090620
강북구,삼각산동,4576394,742361,0.16221527254864856,1288.0,0.00028144429872078324,3,6.555379628589671e-07,11090730
강북구,삼양동,3824646,894046,0.2337591505200743,1418.0,0.0003707532670997525,628,0.0001641982029186492,11090690
강북구,삼양동,3824646,894046,0.2337591505200743,1418.0,0.0003707532670997525,628,0.0001641982029186492,39010610
강북구,송중동,4215057,1031110,0.244625398897334,1432.0,0.00033973443301003994,557,0.00013214530669454768,11090710
강북구,송천동,4012236,1050893,0.26192203050867396,1534.0,0.00038233045114993236,815,0.00020312862952229132,11090720
강북구,수유1동,3025667,749160,0.24760160321674526,1293.0,0.0004273437889893369,1035,0.0003420733345738312,11090630
강북구,수유2동,3047533,797268,0.26161094892163594,1116.0,0.00036619783936712086,2,6.562685293317579e-07,11090640
강북구,수유3동,3245832,784063,0.2415599451850866,1094.0,0.00033704763524421475,3,9.242622538689617e-07,11090650
강북구,우이동,2925915,791525,0.2705222127095285,1003.0,0.00034279874842570613,8,2.7341874251302585e-06,11090740
강북구,인수동,4448658,1174019,0.263904080736258,1821.0,0.0004093369281252908,478,0.00010744813379675398,11090750
강서구,가양1동,3918229,539906,0.13779337552756615,821.0,0.00020953343972493696,847,0.00021616909067846723,11160640
강서구,가양1동,3918229,539906,0.13779337552756615,821.0,0.00020953343972493696,847,0.00021616909067846723,25010630
강서구,가양2동,2191697,666253,0.30398955695061863,2451.0,0.0011183115184261328,809,0.0003691203665470181,11160650
강서구,가양2동,2191697,666253,0.30398955695061863,2451.0,0.0011183115184261328,809,0.0003691203665470181,25010640
강서구,가양3동,2310829,596308,0.25804938400894223,1691.0,0.0007317720177477434,727,0.0003146057107644053,11160660
강서구,공항동,3422863,658165,0.19228493807669195,1095.0,0.0003199076328792593,792,0.0002313852467948615,11160690
강서구,등촌1동,3180762,491319,0.15446581668166307,736.0,0.00023139109433525676,767,0.00024113718662383416,11160520
강서구,등촌2동,2952469,553565,0.1874922310784635,732.0,0.00024792809001550906,633,0.00021439683193964104,11160530
강서구,등촌3동,4660319,1092219,0.2343657161666401,3861.0,0.0008284840587092858,3,6.437327573498724e-07,11160540
강서구,발산1동,5099063,781571,0.15327737664743502,1491.0,0.00029240666373410174,2,3.922289251966489e-07,11160670
강서구,방화1동,5640483,1071188,0.1899106867266509,1767.0,0.0003132710443414154,672,0.00011913873333187955,11160700
강서구,방화2동,3355230,813646,0.24250081216488883,1628.0,0.00048521263817979693,1128,0.00033619155765774627,11160710
강서구,방화3동,3449331,841994,0.24410356674961028,2042.0,0.0005919988542705817,212,6.146119348940417e-05,11160720
강서구,염창동,5729041,783167,0.1367012384795291,1114.0,0.00019444790148997015,643,0.0001122351891005842,11160510
강서구,우장산동,5995794,980777,0.16357750116164765,1245.0,0.0002076455595372356,633,0.0001055740073791728,11160740
강서구,화곡1동,7179234,1437321,0.20020534224124747,1420.0,0.0001977926893036221,1048,0.0001459765763311239,11160730
강서구,화곡2동,2671093,500139,0.1872413278010163,2125.0,0.0007955544790091547,143,5.353613670508665e-05,11160570
강서구,화곡3동,3134840,694327,0.2214872210383943,795.0,0.00025360145972362223,266,8.485281545469625e-05,11160580
강서구,화곡4동,3047074,644268,0.211438251909865,848.0,0.0002782997721748799,1098,0.00036034569557549307,11160590
강서구,화곡6동,3452205,675054,0.1955428487010476,959.0,0.00027779346823262235,882,0.00025548888319204684,11160610
강서구,화곡8동,3606125,744266,0.20638940691185137,960.0,0.00026621373357828694,710,0.0001968872404589414,11160630
강서구,화곡본동,4899939,848383,0.1731415431906397,1073.0,0.00021898231794314173,527,0.00010755235932528956,11160550
관악구,낙성대동,2378409,353478,0.14861951834188317,465.0,0.00019550884645996546,549,0.00023082657356241084,11210580
관악구,난곡동,4001866,914536,0.22852739197164523,1584.0,0.00039581535213822753,162,4.048111555959145e-05,11210810
관악구,난향동,2283027,472864,0.20712151017048858,723.0,0.0003166848223871203,351,0.00015374325402196294,11210710
관악구,남현동,2519771,473816,0.18803930992141746,570.0,0.0002262110326692386,847,0.0003361416573172721,11210630
관악구,남현동,2519771,473816,0.18803930992141746,570.0,0.0002262110326692386,847,0.0003361416573172721,33030700
관악구,대학동,3221391,502884,0.15610771868425782,720.0,0.00022350593268560072,604,0.0001874966435306984,11210730
관악구,미성동,4465974,975867,0.2185115721676839,1394.0,0.00031213795691600535,285,6.381586637091931e-05,11210830
관악구,미성동,4465974,975867,0.2185115721676839,1394.0,0.00031213795691600535,285,6.381586637091931e-05,35020730
관악구,보라매동,3486002,757702,0.21735558384648088,1144.0,0.0003281696338671062,557,0.00015978189341256833,11210520
관악구,삼성동,3596344,979811,0.27244640668412146,1558.0,0.0004332177344547685,413,0.00011483884745174544,11210820
관악구,삼성동,3596344,979811,0.27244640668412146,1558.0,0.0004332177344547685,413,0.00011483884745174544,25010800
관악구,삼성동,3596344,979811,0.27244640668412146,1558.0,0.0004332177344547685,413,0.00011483884745174544,35030700
관악구,삼성동,3596344,979811,0.27244640668412146,1558.0,0.0004332177344547685,413,0.00011483884745174544,38100520
관악구,서림동,3326840,609800,0.18329706267809692,853.0,0.0002563994661600798,696,0.00020920753628067475,11210660
관악구,서원동,3180364,573607,0.180358914891503,826.0,0.00025971869886591597,1054,0.0003314086060589291,11210640
관악구,성현동,4467471,950544,0.21277004372272365,1442.0,0.00032277769682220655,157,3.514292538216812e-05,11210790
관악구,신림동,2841210,344309,0.12118393219790159,560.0,0.00019709912326086422,831,0.00029248102041031816,11210690
관악구,신원동,2576939,552943,0.21457356964988306,830.0,0.0003220875620261093,126,4.889522025938526e-05,11210650
관악구,은천동,4805049,982388,0.204449111757237,1688.0,0.00035129714598123766,271,5.639900862613472e-05,11210780
관악구,인헌동,3736367,682897,0.18277032208024532,913.0,0.0002443550111645885,719,0.00019243291678788514,11210620
관악구,조원동,2457170,491578,0.200058604003793,728.0,0.00029627579695340575,477,0.00019412576256425075,11210720
관악구,중앙동,2066213,413258,0.2000074532490116,597.0,0.0002889343935015412,548,0.00026521951028282177,11210610
관악구,중앙동,2066213,413258,0.2000074532490116,597.0,0.0002889343935015412,548,0.00026521951028282177,21010510
관악구,중앙동,2066213,413258,0.2000074532490116,597.0,0.0002889343935015412,548,0.00026521951028282177,24040540
관악구,중앙동,2066213,413258,0.2000074532490116,597.0,0.0002889343935015412,548,0.00026521951028282177,25010760
관악구,중앙동,2066213,413258,0.2000074532490116,597.0,0.0002889343935015412,548,0.00026521951028282177,26010670
관악구,중앙동,2066213,413258,0.2000074532490116,597.0,0.0002889343935015412,548,0.00026521951028282177,31022620
관악구,중앙동,2066213,413258,0.2000074532490116,597.0,0.0002889343935015412,548,0.00026521951028282177,31070510
관악구,중앙동,2066213,413258,0.2000074532490116,597.0,0.0002889343935015412,548,0.00026521951028282177,31080530
관악구,중앙동,2066213,413258,0.2000074532490116,597.0,0.0002889343935015412,548,0.00026521951028282177,31092750
관악구,중앙동,2066213,413258,0.2000074532490116,597.0,0.0002889343935015412,548,0.00026521951028282177,31110510
관악구,중앙동,2066213,413258,0.2000074532490116,597.0,0.0002889343935015412,548,0.00026521951028282177,31140510
관악구,중앙동,2066213,413258,0.2000074532490116,597.0,0.0002889343935015412,548,0.00026521951028282177,31191510
관악구,중앙동,2066213,413258,0.2000074532490116,597.0,0.0002889343935015412,548,0.00026521951028282177,31280520
관악구,중앙동,2066213,413258,0.2000074532490116,597.0,0.0002889343935015412,548,0.00026521951028282177,32020510
관악구,중앙동,2066213,413258,0.2000074532490116,597.0,0.0002889343935015412,548,0.00026521951028282177,32030520
관악구,중앙동,2066213,413258,0.2000074532490116,597.0,0.0002889343935015412,548,0.00026521951028282177,33030740
관악구,중앙동,2066213,413258,0.2000074532490116,597.0,0.0002889343935015412,548,0.00026521951028282177,33041510
관악구,중앙동,2066213,413258,0.2000074532490116,597.0,0.0002889343935015412,548,0.00026521951028282177,34011510
관악구,중앙동,2066213,413258,0.2000074532490116,597.0,0.0002889343935015412,548,0.00026521951028282177,35011740
관악구,중앙동,2066213,413258,0.2000074532490116,597.0,0.0002889343935015412,548,0.00026521951028282177,35020600
관악구,중앙동,2066213,413258,0.2000074532490116,597.0,0.0002889343935015412,548,0.00026521951028282177,35030510
관악구,중앙동,2066213,413258,0.2000074532490116,597.0,0.0002889343935015412,548,0.00026521951028282177,36020530
관악구,중앙동,2066213,413258,0.2000074532490116,597.0,0.0002889343935015412,548,0.00026521951028282177,36030620
관악구,중앙동,2066213,413258,0.2000074532490116,597.0,0.0002889343935015412,548,0.00026521951028282177,37012670
관악구,중앙동,2066213,413258,0.2000074532490116,597.0,0.0002889343935015412,548,0.00026521951028282177,37070520
관악구,중앙동,2066213,413258,0.2000074532490116,597.0,0.0002889343935015412,548,0.00026521951028282177,37100510
관악구,중앙동,2066213,413258,0.2000074532490116,597.0,0.0002889343935015412,548,0.00026521951028282177,38030740
관악구,중앙동,2066213,413258,0.2000074532490116,597.0,0.0002889343935015412,548,0.00026521951028282177,38050530
관악구,중앙동,2066213,413258,0.2000074532490116,597.0,0.0002889343935015412,548,0.00026521951028282177,38100580
관악구,중앙동,2066213,413258,0.2000074532490116,597.0,0.0002889343935015412,548,0.00026521951028282177,38112520
관악구,중앙동,2066213,413258,0.2000074532490116,597.0,0.0002889343935015412,548,0.00026521951028282177,39020530
관악구,청룡동,4390481,756389,0.17227930151616644,1011.0,0.0002302708974255896,377,8.586758489559573e-05,11210800
관악구,청룡동,4390481,756389,0.17227930151616644,1011.0,0.0002302708974255896,377,8.586758489559573e-05,34011580
관악구,청림동,2235666,462835,0.20702332101485643,659.0,0.0002947667495949753,344,0.000153869137876588,11210540
관악구,청림동,2235666,462835,0.20702332101485643,659.0,0.0002947667495949753,344,0.000153869137876588,37011560
관악구,행운동,4065079,750358,0.18458632661259475,1111.0,0.0002733034216555201,510,0.00012545881642152587,11210570
광진구,광장동,4941038,650631,0.13167901157611012,739.0,0.00014956371515458897,175,3.541765920440199e-05,11050630
광진구,구의1동,3094372,548379,0.17721818837554115,838.0,0.00027081423952905466,429,0.0001386387932672607,11050600
광진구,구의2동,3638086,728793,0.20032319192014703,1149.0,0.00031582540929488747,323,8.878294795670031e-05,11050610
광진구,구의3동,4045537,702557,0.17366223569330846,809.0,0.00019997345222649057,615,0.00015201937344782657,11050620
광진구,군자동,2796617,525060,0.1877482687118043,793.0,0.00028355688319137016,317,0.00011335123829970283,11050540
광진구,군자동,2796617,525060,0.1877482687118043,793.0,0.00028355688319137016,317,0.00011335123829970283,31150680
광진구,능동,1554057,277920,0.17883513925164907,381.0,0.00024516475264420805,219,0.00014092147199234006,11050590
광진구,자양1동,3167291,601375,0.18987046027662124,920.0,0.0002904690475235777,196,6.188253621154481e-05,11050640
광진구,자양2동,3697093,699902,0.1893114400963135,970.0,0.0002623682985524032,297,8.033338625779768e-05,11050650
광진구,자양3동,4114567,712833,0.17324617632912528,841.0,0.00020439574808236202,185,4.496220379933053e-05,11050660
광진구,자양4동,2927015,679784,0.23224479546568774,893.0,0.000305088972895595,332,0.00011342613549981808,11050670
광진구,중곡1동,2192909,439426,0.2003849680948913,693.0,0.0003160185853585352,162,7.387447449939783e-05,11050550
광진구,중곡2동,3053141,569271,0.1864542122358581,898.0,0.00029412333069452084,389,0.00012740977242780467,11050560
광진구,중곡3동,2412550,491539,0.2037425131085366,760.0,0.0003150193778367288,577,0.0002391660276470954,11050570
광진구,중곡4동,4211389,874672,0.2076920464958236,1343.0,0.0003188971619577294,273,6.482421832796733e-05,11050580
광진구,화양동,3005640,416432,0.13855019230513302,536.0,0.0001783314036278463,354,0.00011777857627659999,11050530
구로구,가리봉동,1487444,388270,0.26103167581435,547.0,0.0003677449369522483,157,0.00010555019214168736,11170700
구로구,개봉1동,4657914,1059774,0.22752116075994533,1670.0,0.000358529590713783,600,0.00012881302660375438,11170720
구로구,개봉2동,4564806,1056071,0.23135068609706524,1438.0,0.0003150188638903822,414,9.069388710056901e-05,11170640
구로구,개봉3동,2956039,677020,0.22902945461815627,1060.0,0.00035858796179617385,210,7.104101129924199e-05,11170650
구로구,고척1동,3349514,729313,0.2177369612427355,1148.0,0.00034273628950349215,345,0.00010300001731594494,11170610
구로구,고척2동,3994097,847841,0.21227351263627298,1328.0,0.00033249067311084333,469,0.00011742328741640475,11170620
구로구,구로1동,3006845,455381,0.15144811255651688,519.0,0.00017260617025486848,567,0.0001885697466946251,11170520
구로구,구로2동,3793065,974779,0.2569897958511125,1458.0,0.0003843857144551965,691,0.00018217457386045322,11170710
구로구,구로3동,3530649,582011,0.16484533013618743,910.0,0.0002577429815311576,748,0.00021185906613769876,11170540
구로구,구로4동,3137178,750401,0.2391961820464124,1184.0,0.00037740925124427115,182,5.801392206626465e-05,11170550
구로구,구로5동,4210100,799755,0.18996104605591316,1101.0,0.0002615139782903019,134,3.182822260753901e-05,11170560
구로구,수궁동,3421462,730478,0.21349879086776355,1268.0,0.000370601807063764,788,0.00023031090218158203,11170690
구로구,신도림동,5095892,827013,0.16229013487726976,945.0,0.00018544349056063197,389,7.633599770167813e-05,11170510
구로구,오류1동,2976892,647064,0.21736226910482476,1089.0,0.0003658177723612412,412,0.00013839937760590576,11170670
구로구,오류2동,5833182,1179183,0.20215090151481643,2476.0,0.00042446815477384386,359,6.154445378182954e-05,11170730
금천구,가산동,2855337,471043,0.1649693188579842,0.0,0.0,616,0.0002157363561639134,11180510
금천구,독산1동,5072228,938086,0.18494555055490408,743.0,0.00014648395143120537,63,1.2420577308433297e-05,11180520
금천구,독산2동,2845205,602012,0.21158826868362737,1980.0,0.0006959076762482844,446,0.00015675496141754285,11180530
금천구,독산3동,3583542,794737,0.22177415529105002,984.0,0.0002745886611626151,273,7.618161026157918e-05,11180540
금천구,독산4동,2342761,503928,0.21510004648361486,1219.0,0.0005203262304605549,434,0.00018525150452820412,11180550
금천구,시흥1동,4786307,1041906,0.21768474107490388,818.0,0.00017090420652081032,230,4.8053749999738837e-05,11180570
금천구,시흥2동,3206289,692946,0.21612087993315637,1659.0,0.0005174206068136715,1,3.118870444928701e-07,11180580
금천구,시흥3동,1630035,406437,0.24934249878070103,1120.0,0.0006871018106973163,652,0.00039999141122736627,11180590
금천구,시흥4동,3051206,692173,0.22685226759517385,556.0,0.00018222302918911406,114,3.7362275768991016e-05,11180600
금천구,시흥5동,2939144,729892,0.24833488934193085,1097.0,0.0003732379223338496,487,0.00016569450152833614,11180610
노원구,공릉1동,5336069,1097929,0.20575614745611423,1197.0,0.00022432243661017127,1022,0.00019152675874318717,11110790
노원구,공릉2동,5905944,950759,0.16098340925684362,2226.0,0.000376908416334459,330,5.587591077734567e-05,11110560
노원구,상계10동,2566776,440891,0.17176839739813682,1357.0,0.0005286787783585322,234,9.116494777884786e-05,11110740
노원구,상계1동,5670724,1206877,0.21282591076553894,505.0,8.905388447753761e-05,645,0.0001137420900752708,11110650
노원구,상계2동,2951392,592246,0.20066666847372358,1901.0,0.0006441028504515835,657,0.0002226068241697477,11110660
노원구,상계5동,3480022,818599,0.23522811062688684,1600.0,0.00045976720836822294,455,0.0001307462998797134,11110690
노원구,상계8동,3421262,492154,0.1438515962823075,1275.0,0.00037266950031888816,592,0.00017303556406963278,11110720
노원구,상계9동,3118419,570244,0.182863175217955,723.0,0.00023184825387480003,251,8.048950445722657e-05,11110730
노원구,월계1동,3124130,705551,0.225839193631507,771.0,0.00024678870597574364,712,0.0002279034483200123,11110510
노원구,월계2동,3835295,945896,0.24662926841351188,1060.0,0.0002763803045137336,842,0.00021953982679298462,11110520
노원구,월계3동,4522458,1006234,0.22249714646327284,2314.0,0.0005116686545237125,816,0.0001804328531077569,11110530
노원구,중계1동,3943249,433697,0.10998468521769739,1955.0,0.0004957840603015433,410,0.00010397517377167914,11110610
노원구,중계4동,2967298,644916,0.21734116357709943,3215.0,0.0010834772914617946,27,9.09918720667759e-06,11110640
노원구,중계본동,3723666,500079,0.13429749069868244,1526.0,0.0004098111914441306,43,1.1547759654061347e-05,11110600
노원구,하계1동,3988135,755626,0.18946851097066675,850.0,0.0002131322033983303,13,3.259668993150934e-06,11110580
노원구,하계2동,3304130,550085,0.16648406691020026,2129.0,0.0006443451074866909,124,3.752878972679647e-05,11110590
도봉구,도봉1동,3129571,936310,0.29918158111766757,992.0,0.00031697635234989076,96,3.067513087257007e-05,11100640
도봉구,도봉2동,3984188,1076215,0.27012154044939646,1481.0,0.00037171940681514023,129,3.237799019524179e-05,11100650
도봉구,방학1동,4179350,962458,0.2302889205259191,1480.0,0.0003541220524722744,2,4.785433141517222e-07,11100550
도봉구,방학2동,2985678,729110,0.24420248935082753,1505.0,0.0005040731117019317,2,6.698646002683477e-07,11100560
도봉구,방학3동,4072119,835567,0.20519218618119953,1248.0,0.00030647434419279004,2,4.911447823602404e-07,11100570
도봉구,쌍문1동,3019638,738250,0.24448294795601327,1042.0,0.00034507447581465066,989,0.0003275227030524851,11100510
도봉구,쌍문2동,2791645,653484,0.23408563767957602,1117.0,0.00040012250841349814,2,7.164234707493252e-07,11100520
도봉구,쌍문3동,2404219,575421,0.23933801371672048,924.0,0.00038432438974985225,12,4.991225840907172e-06,11100530
도봉구,쌍문4동,2782760,531826,0.19111457689488134,803.0,0.0002885624344176285,179,6.432462734838794e-05,11100540
도봉구,창1동,3680099,768137,0.20872726521759333,684.0,0.00018586456505653788,44,1.1956200091356238e-05,11100590
도봉구,창2동,4197290,865005,0.20608654631917261,1054.0,0.00025111440953567657,420,0.00010006456546962445,11100600
도봉구,창3동,2070635,490372,0.23682203768409207,1317.0,0.0006360367713286021,1197,0.0005780835347610757,11100610
도봉구,창4동,3947395,734712,0.18612578675303587,783.0,0.00019835866438499313,133,3.369310646641646e-05,11100620
도봉구,창5동,3606194,744540,0.20646143829200536,1000.0,0.0002773006665753423,539,0.00014946505928410952,11100630
동대문구,답십리1동,3500176,683091,0.1951590434309589,1012.0,0.0002891283181188603,209,5.971128308976463e-05,11060910
동대문구,답십리2동,4085701,931360,0.22795598601072375,1059.0,0.00025919664703804804,2,4.89512081280544e-07,11060860
동대문구,용신동,4341542,1020385,0.2350282457246757,1463.0,0.00033697704640424993,288,6.633587789776075e-05,11060810
동대문구,이문1동,3476011,723182,0.20804939915322476,1482.0,0.0004263507796724464,333,9.57994666875335e-05,11060890
동대문구,이문2동,2967799,647186,0.21806935038390404,812.0,0.00027360343473395606,353,0.0001189433650998602,11060900
동대문구,장안1동,5199633,1082549,0.20819719391733993,1015.0,0.00019520608473713434,863,0.0001659732523430019,11060870
동대문구,장안2동,4405890,870665,0.19761387597057575,1689.0,0.0003833504694851664,624,0.00014162859263395136,11060880
동대문구,전농1동,4102182,974133,0.23746703583605017,1306.0,0.000318367151920612,416,0.00010140944502218576,11060830
동대문구,전농2동,2761068,617003,0.2234653402234208,1540.0,0.0005577551874854223,1324,0.00047952458976019424,11060840
동대문구,제기동,3563215,954291,0.26781740647140295,894.0,0.0002508970129503833,517,0.00014509368646012098,11060820
동대문구,청량리동,3025574,923680,0.3052908307646747,1373.0,0.00045379818837681707,448,0.00014807107676097163,11060800
동대문구,회기동,1466387,265455,0.18102656392889463,1355.0,0.0009240398339592481,810,0.0005523780557247166,11060710
동대문구,휘경1동,1995123,417030,0.20902470674740353,325.0,0.0001628972248828769,489,0.0002450976706699286,11060720
동대문구,휘경2동,3419639,666702,0.19496268465764954,672.0,0.0001965119710004477,834,0.0002438853925809128,11060730
동작구,노량진1동,4517268,983310,0.21767803017221915,886.0,0.00019613624872378614,498,0.000110243625129171,11200720
동작구,노량진2동,1859962,459084,0.2468243974876906,1266.0,0.0006806590672282552,897,0.00048226791730153625,11200520
동작구,대방동,5416449,958131,0.17689283144731907,663.0,0.00012240491879458295,1449,0.0002675184424334098,11200680
동작구,사당1동,3177949,642922,0.20230721134920668,1598.0,0.0005028400392831981,429,0.00013499272644085854,11200630
동작구,사당2동,3984289,905078,0.22716173450269295,796.0,0.00019978470437259947,855,0.00021459286713388512,11200730
동작구,사당3동,3457716,761825,0.22032607651987612,929.0,0.0002686744660348045,765,0.00022124431271972598,11200650
동작구,사당4동,2023478,445979,0.22040219859074325,800.0,0.00039535888208322504,519,0.00025648907475149226,11200660
동작구,사당5동,1945681,384771,0.1977564667589394,563.0,0.00028935884145448305,326,0.00016755059025605945,11200670
동작구,상도1동,6203727,1183359,0.19074968966235942,484.0,7.801761747414095e-05,308,4.9647574756271515e-05,11200530
동작구,상도2동,3697879,734708,0.1986836237746016,1524.0,0.0004121281415643941,896,0.00024230105960741278,11200540
동작구,상도3동,3445893,745590,0.21637061858856327,973.0,0.0002823651227707883,662,0.00019211275567755586,11200550
동작구,상도4동,4039684,850204,0.21046299661062598,1155.0,0.00028591345263639435,239,5.916304344597251e-05,11200560
동작구,신대방1동,3379046,642236,0.19006429625403146,1309.0,0.0003873874460424629,337,9.973229130352176e-05,11200690
동작구,신대방2동,2873320,528648,0.1839850764968747,815.0,0.0002836440076288057,384,0.00013364331156989127,11200700
동작구,흑석동,4560743,1006209,0.22062392026913158,711.0,0.0001558956512129712,471,0.00010327264658412017,11200710
마포구,공덕동,5218537,1063117,0.20371935659362,1149.0,0.00022017665104223655,469,8.987193153943337e-05,11140770
마포구,대흥동,1864164,365622,0.19613188539205778,1513.0,0.0008116238700028539,334,0.0001791687855789512,11140600
마포구,대흥동,1864164,365622,0.19613188539205778,1513.0,0.0008116238700028539,334,0.0001791687855789512,25020550
마포구,도화동,3093066,658592,0.21292529806994095,435.0,0.00014063715420233516,446,0.00014419349603273903,11140750
마포구,망원1동,3012232,597239,0.19827124869531962,762.0,0.00025296856284642085,789,0.0002619320158606641,11140690
마포구,망원2동,2731421,531620,0.19463129264950368,853.0,0.0003122916606411095,714,0.00026140239823886543,11140700
마포구,상암동,4445019,695996,0.1565788582680974,748.0,0.00016827824582977036,702,0.00015792958365307326,11140740
마포구,서강동,3456004,559610,0.161924002402775,1157.0,0.00033477970511608206,330,9.548600059490672e-05,11140760
마포구,서강동,3456004,559610,0.161924002402775,1157.0,0.00033477970511608206,330,9.548600059490672e-05,36020560
마포구,서교동,3589860,619237,0.1724961419108266,688.0,0.0001916509278913384,537,0.00014958800621751265,11140660
마포구,성산1동,2766611,525965,0.19011165646344932,671.0,0.00024253500040302017,529,0.00019120866648762692,11140720
마포구,성산2동,5541443,1032273,0.18628234559121154,706.0,0.00012740363836639664,170,3.0677929918254146e-05,11140730
마포구,신수동,3003351,569865,0.18974305700532504,2041.0,0.000679574248897315,135,4.494979108335989e-05,11140630
마포구,아현동,3296418,584339,0.17726483716567498,720.0,0.00021841890197177663,364,0.00011042288933017597,11140780
마포구,연남동,2345598,454352,0.19370412150760702,658.0,0.00028052547793782224,390,0.00016626890029749344,11140710
마포구,염리동,1951567,377921,0.19365002585102126,540.0,0.00027670072305998206,286,0.000146548901472509,11140610
마포구,용강동,2877930,496943,0.1726737620442471,432.0,0.00015010789004597054,513,0.00017825311942959,11140590
마포구,용강동,2877930,496943,0.1726737620442471,432.0,0.00015010789004597054,513,0.00017825311942959,37020620
마포구,합정동,2617790,479673,0.18323585925532607,600.0,0.0002292009672280817,274,0.00010466844170082398,11140680
서대문구,남가좌1동,1622392,306624,0.1889950147683174,595.0,0.00036674243955838045,234,0.00014423148043136308,11130690
서대문구,남가좌2동,3779107,821511,0.21738230751338875,521.0,0.00013786325711338685,225,5.953787495299816e-05,11130700
서대문구,북가좌1동,2516274,500540,0.1989211031866959,1081.0,0.0004296034533600077,182,7.232916606061184e-05,11130710
서대문구,북가좌2동,4598531,1046029,0.22747025082575284,710.0,0.00015439713247556664,138,3.0009583495250984e-05,11130720
서대문구,북아현동,1925482,378871,0.19676683552481924,1584.0,0.0008226511595538156,485,0.0002518849825654044,11130740
서대문구,신촌동,2575596,391633,0.1520552912801542,612.0,0.000237614905443245,251,9.74531720036838e-05,11130750
서대문구,신촌동,2575596,391633,0.1520552912801542,612.0,0.000237614905443245,251,9.74531720036838e-05,31021640
서대문구,신촌동,2575596,391633,0.1520552912801542,612.0,0.000237614905443245,251,9.74531720036838e-05,31042660
서대문구,연희동,5232655,1096504,0.20955021877039476,486.0,9.287828071982579e-05,460,8.790948380888861e-05,11130760
서대문구,연희동,5232655,1096504,0.20955021877039476,486.0,9.287828071982579e-05,460,8.790948380888861e-05,23080530
서대문구,천연동,2602258,575163,0.2210245871085803,1398.0,0.0005372257477928783,617,0.00023710177853233615,11130520
서대문구,충현동,2641041,600510,0.22737625050122282,791.0,0.00029950311259840343,214,8.102865498869575e-05,11130730
서대문구,홍은1동,3304774,798069,0.24148973575802762,704.0,0.00021302515693962735,207,6.263665836150975e-05,11130660
서대문구,홍은2동,3941199,886602,0.22495743046722583,1066.0,0.0002704760657860717,365,9.261141089297952e-05,11130680
서대문구,홍제1동,3423732,787931,0.23013804818835118,1267.0,0.0003700640120196324,533,0.00015567807293327866,11130620
서대문구,홍제2동,2035091,467095,0.22952044896272453,935.0,0.00045943891452519814,157,7.714642735877659e-05,11130650
서대문구,홍제3동,2477561,638374,0.25766227350204496,623.0,0.00025145697724495987,207,8.354991057737832e-05,11130640
서초구,내곡동,2055118,472426,0.22987779777122286,834.0,0.0004058161137219371,347,0.0001688467523519331,11220680
서초구,내곡동,2055118,472426,0.22987779777122286,834.0,0.0004058161137219371,347,0.0001688467523519331,32030610
서초구,반포1동,4421913,628238,0.14207380380391926,853.0,0.0001929029359012717,316,7.146228340539491e-05,11220570
서초구,반포2동,2650521,410910,0.15502989789554583,564.0,0.0002127883536859357,658,0.00024825307930025835,11220580
서초구,반포3동,2995446,480155,0.1602949944682695,258.0,8.613074647314624e-05,158,5.2746736212236844e-05,11220590
서초구,반포4동,2721525,483940,0.17781942109662782,315.0,0.00011574393033317717,194,7.128356344329007e-05,11220600
서초구,반포본동,1516045,276124,0.18213443532348975,358.0,0.00023614074780102173,281,0.00018535069869298076,11220560
서초구,방배1동,2360448,469837,0.19904568963179872,192.0,8.134049129656744e-05,816,0.0003456970880104116,11220620
서초구,방배2동,3369155,708033,0.21015150683183173,476.0,0.00014128171603859129,211,6.262697916836715e-05,11220630
서초구,방배3동,3133785,667068,0.21286335852651028,720.0,0.00022975411523126188,259,8.264766089569003e-05,11220640
서초구,방배4동,3421729,606783,0.17733227850598338,583.0,0.00017038169884289492,146,4.266848718878672e-05,11220650
서초구,방배본동,2953576,521903,0.17670207233536567,588.0,0.00019908070758971498,193,6.534451796737243e-05,11220610
서초구,서초1동,2897301,521674,0.18005516168323554,464.0,0.00016014904906324885,221,7.6277887592625e-05,11220510
서초구,서초2동,2948158,479285,0.1625710019612246,489.0,0.0001658662798940898,250,8.47987116022954e-05,11220520
서초구,서초3동,4222281,815329,0.19310154866528306,297.0,7.034112604064012e-05,113,2.6762785328593716e-05,11220530
서초구,서초4동,4145281,685021,0.16525321202591572,700.0,0.00016886671856503817,567,0.00013678204203768093,11220540
서초구,양재1동,5981442,1127127,0.18843733668235854,463.0,7.740608368349973e-05,275,4.597553566514563e-05,11220660
서초구,양재2동,3147211,513870,0.16327789906682455,1965.0,0.0006243623322363833,854,0.00027135136474802613,11220670
서초구,잠원동,4512639,669965,0.1484641248723862,650.0,0.00014403988442239675,207,4.587116319297866e-05,11220550
성동구,금호1가동,2042867,438453,0.21462630704788907,621.0,0.0003039845472074296,168,8.223736542809689e-05,11040590
성동구,금호4가동,2013995,399862,0.19854170442329797,946.0,0.0004697131820088928,241,0.00011966266053292089,11040620
성동구,마장동,3260799,675191,0.20706305417782575,530.0,0.00016253685063078097,283,8.678854477077551e-05,11040540
성동구,사근동,1558838,262020,0.16808674153439934,1089.0,0.0006985972884930955,389,0.00024954485328173936,11040550
성동구,성수1가1동,2349844,413480,0.1759606169601046,387.0,0.00016469178379500938,655,0.00027874190797346545,11040650
성동구,성수1가2동,2167770,394460,0.18196579895468615,607.0,0.00028001125580665845,462,0.00021312224082813215,11040660
성동구,성수2가1동,2500552,529916,0.21191960815052036,541.0,0.00021635222942774235,247,9.877818977569753e-05,11040670
성동구,성수2가3동,1582271,334352,0.21131146308059745,839.0,0.0005302505070243972,365,0.00023068109066019663,11040680
성동구,송정동,1554452,320280,0.20604045670113968,422.0,0.0002714783087544678,326,0.00020972021008046566,11040690
성동구,송정동,1554452,320280,0.20604045670113968,422.0,0.0002714783087544678,326,0.00020972021008046566,21090560
성동구,송정동,1554452,320280,0.20604045670113968,422.0,0.0002714783087544678,326,0.00020972021008046566,26040570
성동구,송정동,1554452,320280,0.20604045670113968,422.0,0.0002714783087544678,326,0.00020972021008046566,31250550
성동구,송정동,1554452,320280,0.20604045670113968,422.0,0.0002714783087544678,326,0.00020972021008046566,32030600
성동구,송정동,1554452,320280,0.20604045670113968,422.0,0.0002714783087544678,326,0.00020972021008046566,32040520
성동구,송정동,1554452,320280,0.20604045670113968,422.0,0.0002714783087544678,326,0.00020972021008046566,37050510
성동구,옥수동,3404416,671317,0.19719006137910292,539.0,0.00015832377711772004,134,3.9360642177689215e-05,11040730
성동구,왕십리2동,2317510,453952,0.1958791979322635,723.0,0.00031197276387156907,9,3.883478388442768e-06,11040520
성동구,왕십리도선동,3008527,579534,0.19263047996577728,993.0,0.0003300618541897746,32,1.0636434374695656e-05,11040710
성동구,용답동,2001428,433117,0.21640398755288723,663.0,0.00033126347787679596,66,3.297645481126476e-05,11040700
성동구,응봉동,2262156,438378,0.1937876963392445,673.0,0.0002975037972624346,22,9.725235571728917e-06,11040580
성동구,행당1동,2100464,422266,0.201034628539218,539.0,0.00025660996808324257,112,5.332155180950495e-05,11040560
성동구,행당2동,3462703,644353,0.18608381949014974,633.0,0.00018280516694616893,242,6.98875993696254e-05,11040570
성북구,길음1동,5070567,785083,0.1548314024841798,918.0,0.0001810448417307177,102,2.0116093525635297e-05,11080660
성북구,길음2동,2340443,490550,0.209597072007308,1048.0,0.0004477784761261009,144,6.152681351351005e-05,11080680
성북구,돈암1동,2199111,491120,0.22332660788836944,577.0,0.00026237875214120616,171,7.775869430874567e-05,11080580
성북구,돈암2동,3306702,579456,0.175236837187022,634.0,0.00019173182222044806,122,3.6894767051884327e-05,11080590
성북구,동선동,2181155,397411,0.18220209017699338,729.0,0.0003342265909575431,76,3.484392443453125e-05,11080830
성북구,보문동,2122221,425778,0.20062849250855588,558.0,0.0002629320885996322,164,7.727753141637935e-05,11080610
성북구,삼선동,3574514,725665,0.20301081489679437,593.0,0.00016589667854147446,43,1.2029607381590896e-05,11080820
성북구,석관동,4849628,1153482,0.23784958351444688,932.0,0.0001921796888338652,1032,0.00021279982712076062,11080850
성북구,성북동,2424262,547276,0.2257495270725689,1759.0,0.0007255816409282495,331,0.00013653639746859044,11080810
성북구,성북동,2424262,547276,0.2257495270725689,1759.0,0.0007255816409282495,331,0.00013653639746859044,36040550
성북구,성북동,2424262,547276,0.2257495270725689,1759.0,0.0007255816409282495,331,0.00013653639746859044,38030730
성북구,안암동,2164367,385227,0.17798598851303868,587.0,0.00027121093603811185,119,5.4981433370588257e-05,11080600
성북구,월곡1동,3812718,802047,0.21036095509817407,597.0,0.00015658121056946777,252,6.609458134590599e-05,11080710
성북구,월곡1동,3812718,802047,0.21036095509817407,597.0,0.00015658121056946777,252,6.609458134590599e-05,24050590
성북구,월곡2동,2806588,615753,0.21939557925851602,1174.0,0.0004183015105886578,366,0.00013040745560089333,11080720
성북구,월곡2동,2806588,615753,0.21939557925851602,1174.0,0.0004183015105886578,366,0.00013040745560089333,24050600
성북구,장위1동,3177547,710805,0.22369614045047956,931.0,0.0002929933058425257,140,4.405914373571815e-05,11080760
성북구,장위2동,2472648,618811,0.2502624716498264,1086.0,0.0004392052568744116,402,0.00016257874149494794,11080770
성북구,장위3동,2146480,457240,0.21301852334985652,714.0,0.00033263762066266633,131,6.103015169020909e-05,11080780
성북구,정릉1동,2601310,532393,0.20466341958474768,720.0,0.0002767836205604099,1,3.844216952227916e-07,11080620
성북구,정릉2동,3276656,753159,0.2298559873236617,663.0,0.0002023404348823923,207,6.317416292708175e-05,11080630
성북구,정릉3동,2244420,565700,0.25204729952504434,982.0,0.00043752951764821203,116,5.1683731208953764e-05,11080640
성북구,정릉4동,3672764,813287,0.221437315329817,748.0,0.00020366132972333642,317,8.631101807793804e-05,11080650
성북구,종암동,5637832,1131925,0.2007730985953466,1047.0,0.00018570968414809096,97,1.7205195188505084e-05,11080840
송파구,가락1동,1652479,299111,0.1810074439675179,1608.0,0.0009730834703496989,320,0.00019364845181088535,11240660
송파구,가락2동,4698433,735777,0.15660050914847568,512.0,0.00010897250210868177,197,4.192887288166076e-05,11240670
송파구,가락본동,3827020,661044,0.17273074088977847,925.0,0.0002417024212050107,243,6.349587930034335e-05,11240650
송파구,거여1동,1927871,393893,0.20431501900282747,745.0,0.0003864366443605407,339,0.00017584164085667557,11240530
송파구,거여2동,3051033,633879,0.20775881480141317,626.0,0.00020517641074350884,356,0.00011668179269119672,11240540
송파구,마천1동,2973217,709703,0.2386986889957914,926.0,0.00031144716312331056,158,5.314109262795148e-05,11240550
송파구,마천2동,2825538,678016,0.2399599651464606,1258.0,0.0004452249447715798,162,5.7334213873605665e-05,11240560
송파구,문정1동,2936566,532746,0.18141802363713264,1210.0,0.0004120459066814776,377,0.00012838124530489015,11240680
송파구,문정2동,3277083,624590,0.1905932806706452,601.0,0.00018339480568542208,301,9.184997755625964e-05,11240690
송파구,방이1동,2247255,376628,0.16759468774126657,518.0,0.00023050343641464808,163,7.253293462468657e-05,11240570
송파구,방이2동,3516016,604400,0.17189910398587493,440.0,0.00012514163758071636,216,6.143316753962439e-05,11240580
송파구,삼전동,4511628,707762,0.15687507923968907,785.0,0.00017399484177330223,117,2.5932989156020844e-05,11240640
송파구,석촌동,4635115,794623,0.1714354444280239,938.0,0.00020236822603106935,209,4.509057488325532e-05,11240630
송파구,송파1동,3550024,612768,0.17260953728763523,1039.0,0.0002926740776963761,267,7.521075913852977e-05,11240610
송파구,송파2동,2905408,518134,0.17833433376654845,691.0,0.00023783234574971913,415,0.0001428370817454898,11240620
송파구,오금동,5272701,1035533,0.19639516824489006,509.0,9.653496376904361e-05,723,0.0001371213728978753,11240600
송파구,오금동,5272701,1035533,0.19639516824489006,509.0,9.653496376904361e-05,723,0.0001371213728978753,31160580
송파구,오륜동,2651535,456244,0.17206787766331577,1439.0,0.0005427045088976763,261,9.843354886886275e-05,11240590
송파구,위례동,2665050,298407,0.11197050711994147,296.0,0.00011106733457158402,228,8.555186581865255e-05,11240820
송파구,위례동,2665050,298407,0.11197050711994147,296.0,0.00011106733457158402,228,8.555186581865255e-05,31021680
송파구,위례동,2665050,298407,0.11197050711994147,296.0,0.00011106733457158402,228,8.555186581865255e-05,31180650
송파구,잠실2동,5004685,602130,0.12031326646931825,749.0,0.00014965976879663756,420,8.392136568035751e-05,11240790
송파구,잠실3동,4963546,951088,0.19161462389992961,582.0,0.00011725488189290478,332,6.6887664584956e-05,11240800
송파구,잠실4동,3777110,613924,0.16253802510384924,706.0,0.00018691539298564246,975,0.0002581338642507102,11240750
송파구,잠실6동,2378282,476277,0.20026094466509858,433.0,0.00018206419591957555,445,0.00018710985492889406,11240770
송파구,잠실7동,1407338,344707,0.24493547392310874,372.0,0.0002643288250583726,255,0.00018119314620936833,11240780
송파구,잠실본동,4030051,661717,0.16419568883867722,210.0,5.2108521703571494e-05,191,4.739394116848645e-05,11240710
송파구,장지동,4855270,802198,0.16522211947018395,826.0,0.00017012442150488027,458,9.433049037437671e-05,11240810
송파구,풍납1동,2216243,517590,0.23354388485378183,1426.0,0.0006434312482882067,488,0.00022019246084477198,11240510
송파구,풍납2동,3595191,647009,0.17996512563588415,692.0,0.00019247934254397055,459,0.0001276705465717955,11240520
양천구,목1동,4413947,561617,0.1272369151691219,826.0,0.00018713410016024207,606,0.00013729208801102505,11150510
양천구,목2동,4262013,728379,0.17090022953942186,678.0,0.00015907975879003654,64,1.5016378410858907e-05,11150520
양천구,목3동,3076224,581121,0.18890724472600176,1058.0,0.0003439281404735156,267,8.679471976032955e-05,11150530
양천구,목4동,3732127,560994,0.15031482047636643,891.0,0.0002387378564555815,236,6.323471843267927e-05,11150540
양천구,목5동,5968713,781899,0.13099959740064568,882.0,0.00014777054953052693,278,4.6576204954066315e-05,11150710
양천구,신월1동,3094564,705535,0.22799173001430897,731.0,0.00023622067599829896,356,0.00011504043865307035,11150570
양천구,신월2동,3008457,655861,0.21800577505345764,1247.0,0.0004144981962514339,702,0.0002333422083147607,11150580
양천구,신월3동,2317317,516041,0.22268899766410896,1013.0,0.00043714347238638475,610,0.0002632354572119395,11150590
양천구,신월4동,2613061,538264,0.20598983337932028,967.0,0.00037006407427916916,163,6.237894943899129e-05,11150600
양천구,신월5동,2152793,417866,0.19410412427019225,890.0,0.00041341643158445795,46,2.1367590845938277e-05,11150610
양천구,신월6동,1500212,299216,0.1994491445209077,732.0,0.00048793103907981007,168,0.00011198417290356296,11150620
양천구,신월7동,3099679,721623,0.23280571955999316,251.0,8.097612688281593e-05,336,0.00010839832124552252,11150630
양천구,신정1동,2799401,445400,0.1591054657764286,1171.0,0.00041830377284283316,507,0.000181110173212055,11150640
양천구,신정1동,2799401,445400,0.1591054657764286,1171.0,0.00041830377284283316,507,0.000181110173212055,26020510
양천구,신정2동,2888016,460709,0.15952439321665807,567.0,0.00019632855219638671,355,0.00012292175666616805,11150650
양천구,신정2동,2888016,460709,0.15952439321665807,567.0,0.00019632855219638671,355,0.00012292175666616805,26020520
양천구,신정3동,7151784,1262298,0.1765011359403472,737.0,0.00010305121071889196,238,3.327840997435046e-05,11150660
양천구,신정3동,7151784,1262298,0.1765011359403472,737.0,0.00010305121071889196,238,3.327840997435046e-05,26020530
양천구,신정4동,4821294,1003899,0.20822190059349213,1645.0,0.0003411947083085993,114,2.3645104405580743e-05,11150720
양천구,신정4동,4821294,1003899,0.20822190059349213,1645.0,0.0003411947083085993,114,2.3645104405580743e-05,26020540
양천구,신정6동,3533546,477787,0.13521459746102074,464.0,0.0001313128511699013,800,0.00022640146753431255,11150690
양천구,신정7동,4250908,832312,0.19579628634635235,1413.0,0.00033239957204437263,7,1.646707009420105e-06,11150700
영등포구,당산1동,2841222,593445,0.20886963426300373,2119.0,0.0007458058539600214,562,0.00019780221327302125,11190550
영등포구,당산2동,4901743,814606,0.16618700735636283,805.0,0.0001642272962903196,33,6.732299102584529e-06,11190560
영등포구,대림1동,2028282,504603,0.24878345318846196,924.0,0.00045555795495892584,31,1.5283870783254005e-05,11190700
영등포구,대림2동,1932516,496437,0.25688635954372435,751.0,0.00038861256517410466,35,1.811110490158943e-05,11190710
영등포구,대림3동,3470795,751603,0.21655067498944766,711.0,0.00020485220244929476,43,1.2389092412545253e-05,11190720
영등포구,도림동,2594587,553315,0.2132574471389859,1156.0,0.0004455429708080708,12,4.625013537800043e-06,11190750
영등포구,문래동,4407422,804811,0.18260357188397208,921.0,0.00020896569468501088,353,8.00921717956665e-05,11190760
영등포구,신길1동,2600972,597412,0.22968797818661638,934.0,0.0003590965223770191,656,0.0002522134032969213,11190630
영등포구,신길3동,2256833,517621,0.229357245307916,826.0,0.0003659996109592513,156,6.912341320780049e-05,11190650
영등포구,신길4동,1538255,375945,0.244397060305346,861.0,0.0005597251431004612,177,0.00011506544753633175,11190660
영등포구,신길5동,1746652,414235,0.23715943416318763,532.0,0.00030458271023649816,165,9.44664420846282e-05,11190670
영등포구,신길6동,2783431,601354,0.21604774826464174,527.0,0.00018933467364558345,566,0.00020334615803301753,11190680
영등포구,신길7동,2302036,382361,0.1660968811956025,759.0,0.0003297081366234064,497,0.00021589584176789588,11190690
영등포구,양평1동,2387682,427482,0.17903640434530227,477.0,0.00019977534696831488,573,0.0002399817061065921,11190610
영등포구,양평2동,3056025,460352,0.15063751114601484,715.0,0.00023396405461342758,37,1.2107230798177371e-05,11190620
영등포구,여의동,4605808,1031932,0.22405015580328141,615.0,0.0001335270597471714,807,0.00017521355644872734,11190540
영등포구,여의동,4605808,1031932,0.22405015580328141,615.0,0.0001335270597471714,807,0.00017521355644872734,35012710
영등포구,영등포동,3210353,614163,0.19130699957294417,755.0,0.0002351766301089008,518,0.00016135297271047764,11190740
영등포구,영등포본동,3153765,695765,0.22061409141137656,1067.0,0.0003383257788706514,756,0.0002397134853104147,11190730
용산구,남영동,1069659,295191,0.2759673877375874,1074.0,0.0010040583026927274,251,0.00023465422157902658,11030530
용산구,보광동,2117455,500728,0.23647633597880474,572.0,0.00027013561091026727,422,0.00019929585280442795,11030700
용산구,서빙고동,1859564,371935,0.20001193828230704,599.0,0.0003221185181042438,135,7.259766267791806e-05,11030690
용산구,용문동,1723754,366598,0.21267419829047532,393.0,0.00022799076898443745,766,0.00044437895430554474,11030590
용산구,용문동,1723754,366598,0.21267419829047532,393.0,0.00022799076898443745,766,0.00044437895430554474,25030560
용산구,용산2가동,1527172,376337,0.2464273834250497,489.0,0.00032019968936046494,149,9.756595851678789e-05,11030520
용산구,원효로1동,1998036,345877,0.17310849253967395,490.0,0.00024524082649161476,344,0.0001721690700267663,11030720
용산구,원효로2동,2048960,422465,0.2061850890207715,466.0,0.00022743245353740434,1142,0.0005573559269092613,11030570
용산구,이촌1동,3735169,741896,0.19862447990974438,468.0,0.00012529553548982657,783,0.00020962906899259446,11030630
용산구,이촌2동,1268090,322848,0.2545939168355558,530.0,0.00041795140723450226,63,4.968101633164838e-05,11030640
용산구,이태원1동,1004703,272055,0.2707815145371319,378.0,0.00037623058754676755,588,0.0005852475806283051,11030650
용산구,이태원2동,1342933,337160,0.2510624133892011,236.0,0.00017573475370699805,208,0.00015488486767396438,11030660
용산구,청파동,2872385,593150,0.20650086948650687,323.0,0.00011245010679278717,140,4.873998436839073e-05,11030710
용산구,한강로동,2356131,547463,0.2323567747294187,822.0,0.0003488770361240525,244,0.00010355960683001072,11030730
용산구,한남동,2929269,656170,0.2240046919555698,496.0,0.00016932552114537792,220,7.51040617983531e-05,11030740
용산구,효창동,1408221,274940,0.1952392415679073,639.0,0.00045376400437147297,367,0.0002606125032931621,11030580
용산구,후암동,2528342,548252,0.21684249994660532,345.0,0.000136453058961169,305,0.00012063241444393203,11030510
은평구,갈현1동,3345027,758680,0.22680833368460104,779.0,0.00023288302306677944,113,3.378149115089355e-05,11120550
은평구,갈현2동,4024282,821346,0.20409752596860756,1101.0,0.0002735891769016187,349,8.672354472176652e-05,11120560
은평구,구산동,4580333,1041265,0.22733390781849266,1229.0,0.00026832110241766264,340,7.423041075834442e-05,11120570
은평구,녹번동,4681845,1091927,0.23322579026003637,2294.0,0.0004899777758554587,249,5.3184161372279516e-05,11120510
은평구,대조동,4210784,933180,0.221616687058752,1645.0,0.00039066359138820704,264,6.269616299482472e-05,11120580
은평구,불광1동,5645230,1279807,0.22670590923664757,1234.0,0.00021859162514193398,227,4.021093914685495e-05,11120520
은평구,불광2동,3996080,993116,0.24852255210105903,1705.0,0.00042666813477207664,128,3.203139076294769e-05,11120720
은평구,수색동,2032685,486526,0.2393513997495923,1482.0,0.0007290849295390088,149,7.330206106701235e-05,11120680
은평구,신사1동,3828323,821183,0.21450201563452195,484.0,0.0001264261139929938,114,2.9778051642977877e-05,11120650
은평구,신사2동,2983208,655841,0.21984420798013413,1227.0,0.0004113021954888831,72,2.4135092155826883e-05,11120660
은평구,역촌동,6621728,1393566,0.21045352512214335,1002.0,0.00015132001797718057,187,2.824036263645985e-05,11120740
은평구,응암1동,4114697,830495,0.20183624699461467,2169.0,0.0005271348048228096,245,5.954265891267328e-05,11120590
은평구,응암2동,3354782,636839,0.18983021847619308,1146.0,0.00034160192823259455,67,1.997149144117263e-05,11120600
은평구,응암3동,3602779,918954,0.25506810159601795,896.0,0.00024869690869187366,361,0.00010020042861357857,11120730
은평구,증산동,2507532,583136,0.23255376202576877,1327.0,0.0005292056093401799,93,3.708826048879935e-05,11120670
은평구,진관동,7400987,1322566,0.17870130024549427,719.0,9.714920455879737e-05,136,1.837592742697697e-05,11120710
종로구,가회동,639919,163337,0.2552463671183384,1957.0,0.003058199553380975,256,0.00040005063140803756,11010600
종로구,교남동,1122560,244536,0.21783779931584948,179.0,0.00015945695553021665,90,8.01738882554162e-05,11010580
종로구,무악동,1154550,244840,0.21206530682950067,337.0,0.0002918886146117535,56,4.850374604824391e-05,11010570
종로구,부암동,1427008,330542,0.23163289904471454,316.0,0.00022144234650401398,59,4.13452482396735e-05,11010550
종로구,사직동,1317129,319722,0.24274159934220566,295.0,0.00022397198755778666,64,4.85905328938927e-05,11010530
종로구,사직동,1317129,319722,0.24274159934220566,295.0,0.00022397198755778666,64,4.85905328938927e-05,24030540
종로구,삼청동,394764,115407,0.29234428671307416,112.0,0.0002837138138229423,108,0.0002735811776149801,11010540
종로구,숭인1동,903327,208828,0.23117652854392706,286.0,0.00031660738580824,351,0.0003885636098555673,11010700
종로구,숭인2동,1311765,308043,0.23483093389440943,443.0,0.00033771292876391733,90,6.860985008747756e-05,11010710
종로구,이화동,1133006,240395,0.21217451628676282,340.0,0.00030008667209176297,140,0.00012356510027307886,11010640
종로구,창신1동,778810,224865,0.28872895828250794,320.0,0.0004108832706308342,668,0.0008577188274418665,11010670
종로구,창신2동,1284172,317225,0.24702687801945533,488.0,0.0003800114003420103,761,0.0005925997452054709,11010680
종로구,창신3동,1022304,222238,0.21738934798259618,336.0,0.000328669358625223,796,0.0007786333615049926,11010690
종로구,청운효자동,1843182,389046,0.2110730248016745,480.0,0.0002604192098230126,548,0.00029731193121460605,11010720
종로구,평창동,2595131,591888,0.22807634759093087,538.0,0.00020731130721339308,618,0.00023813826739382327,11010560
종로구,혜화동,2327761,453935,0.19500928145114554,576.0,0.00024744808423201524,663,0.0002848230552878925,11010730
중구,광희동,712404,207400,0.29112694482344287,244.0,0.0003425022880275799,894,0.0012549059241666245,11020590
중구,다산동,1754573,412904,0.2353301914482897,652.0,0.00037160038368309553,150,8.549088581666309e-05,11020700
중구,동화동,1307870,285712,0.21845596274859122,440.0,0.0003364248740318227,508,0.00038841780910946807,11020730
중구,명동,414696,128418,0.3096678048498177,128.0,0.00030865983756776046,523,0.0012611648050620213,11020550
중구,소공동,241996,42925,0.1773789649415693,32.0,0.00013223359063786177,1144,0.004727350865303559,11020520
중구,신당5동,1389144,302076,0.21745477790639414,203.0,0.00014613315826149053,726,0.0005226240044228676,11020650
중구,신당동,903038,213278,0.23617832250691553,623.0,0.0006898934485591969,185,0.00020486402565562026,11020690
중구,신당동,903038,213278,0.23617832250691553,623.0,0.0006898934485591969,185,0.00020486402565562026,22070610
중구,약수동,2111435,560833,0.26561698560457697,165.0,7.814590550975995e-05,104,4.925560104857597e-05,11020710
중구,을지로동,249866,87934,0.35192463160253895,510.0,0.0020410940263981495,121,0.00048425956312583547,11020600
중구,장충동,686292,143458,0.20903347263264033,337.0,0.0004910446282340461,61,8.888344902752764e-05,11020580
중구,중림동,1506012,343482,0.22807387988940328,1743.0,0.001157361295925929,27,1.7928143998852598e-05,11020680
중구,청구동,1723610,412278,0.23919448135018942,981.0,0.0005691542750390169,112,6.497989684441376e-05,11020720
중구,필동,577589,151977,0.26312308579283883,1738.0,0.0030090600755900824,183,0.0003168342887416485,11020570
중구,황학동,1702608,352474,0.2070200539407779,1277.0,0.0007500258427071881,197,0.00011570484809186848,11020670
중구,회현동,739234,249907,0.3380621021219262,1277.0,0.001727463834185116,99,0.00013392241157738957,11020540
중구,회현동,739234,249907,0.3380621021219262,1277.0,0.001727463834185116,99,0.00013392241157738957,38070520
중랑구,망우3동,2468559,567543,0.2299086228038301,1268.0,0.0005136599935427915,157,6.359985724465163e-05,11070680
중랑구,망우본동,4507171,1040612,0.2308791922915727,522.0,0.00011581544165952434,103,2.2852472204848673e-05,11070730
중랑구,면목2동,3618208,771264,0.21316187460754052,1043.0,0.00028826424572606107,233,6.439651893976244e-05,11070520
중랑구,면목4동,2853534,644491,0.2258571301410812,905.0,0.0003171505929139096,167,5.852392156532917e-05,11070540
중랑구,면목5동,1717063,360480,0.2099398798995727,1400.0,0.0008153457386246165,144,8.386413311567485e-05,11070550
중랑구,면목7동,3188176,734222,0.23029531619333438,854.0,0.00026786476028926886,253,7.935571938312063e-05,11070570
중랑구,면목본동,4860800,1039133,0.21377818466096116,1949.0,0.00040096280447662934,56,1.152073732718894e-05,11070710
중랑구,묵1동,4842474,981067,0.20259623489976405,1471.0,0.0003037703454886903,274,5.658264763011634e-05,11070640
중랑구,묵2동,2689274,598021,0.22237265522219007,879.0,0.00032685401338799987,102,3.792845206550169e-05,11070650
중랑구,상봉1동,3481382,656432,0.18855500488024585,1593.0,0.00045757690480389686,32,9.191752011126616e-06,11070590
중랑구,상봉2동,2604519,530736,0.2037750540502872,,0.00038177213682943375,7,2.6876363735492043e-06,11070600
중랑구,신내1동,5327212,1090432,0.2046909340195209,,0.00038177213682943375,235,4.4113130845928415e-05,11070690
중랑구,신내2동,3135786,668345,0.2131347611093359,,0.00038177213682943375,155,4.9429393459885336e-05,11070700
중랑구,중화1동,2842260,604052,0.21252524399597503,,0.00038177213682943375,474,0.00016676869814865634,11070610
중랑구,중화2동,3815888,904899,0.23713982171384484,,0.00038177213682943375,34,8.910114762278139e-06,11070620
